model,s1q,s1q-ac,s1q-joint,s1q-margin,s1q_minus_joint_pp,interaction_pp
kev-0.8b,56.41286455142661,54.264477348042526,56.631845047633554,55.98182596662039,-0.21898049620694593,2.7984062843972453
kev-4b,65.10175239655806,62.99246105874492,63.72664891323894,62.528521869605,1.3751034833191156,3.3074183814470715
kev-9b,64.89682302257017,65.95051122676936,62.05747695457614,60.00112717376365,2.839346067994036,1.0026615766132991
laya,52.513328272004244,52.16564933337581,52.4967802220302,53.944522967078356,0.016548049974041135,-1.100063806419719
intern-decision-0.8b,37.887889877203605,36.80185714423818,38.681786318734275,37.35005336042171,-0.79389644153067,2.4177656912779923
intern-decision-2b,44.28589280665335,41.80139450289179,39.18753723257093,42.24061706171387,5.098355574082419,-0.5685815253813757
intern-decision-4b,51.17075659874999,51.224252068315835,46.33457673271806,48.68187291488893,4.836179866031927,-2.4007916517367107
startlux-decision-0.8b,51.76338132067364,53.185134218701215,52.277683316185474,51.377192195050434,-0.5143019955118362,-0.5212617768925369
startlux-decision-2b,51.95153545102499,52.750768514939715,53.40693382570095,53.22527959489665,-1.4553983746759656,-0.6175788331104215
startlux-decision-4b,65.09675653046831,60.85822516843885,56.8034334028095,60.8026970019922,8.293323127658809,0.2392677628467652
