model,method,margin,activation_compensation,candidates_per_layer,accuracy_percent,delta_joint_pp,best_displayed
kev-0.8b,s1q-joint,False,False,22,56.631845047633554,0.0,True
kev-0.8b,s1q-ac,False,True,44,54.264477348042526,-2.3673676995910284,False
kev-0.8b,s1q-margin,True,False,22,55.98182596662039,-0.6500190810131627,False
kev-0.8b,s1q,True,True,44,56.41286455142661,-0.21898049620694593,False
kev-4b,s1q-joint,False,False,22,63.72664891323894,0.0,False
kev-4b,s1q-ac,False,True,44,62.99246105874492,-0.7341878544940172,False
kev-4b,s1q-margin,True,False,22,62.528521869605,-1.1981270436339386,False
kev-4b,s1q,True,True,44,65.10175239655806,1.3751034833191156,True
kev-9b,s1q-joint,False,False,22,62.05747695457614,0.0,False
kev-9b,s1q-ac,False,True,44,65.95051122676936,3.8930342721932263,True
kev-9b,s1q-margin,True,False,22,60.00112717376365,-2.0563497808124893,False
kev-9b,s1q,True,True,44,64.89682302257017,2.839346067994036,False
laya,s1q-joint,False,False,22,52.4967802220302,0.0,False
laya,s1q-ac,False,True,44,52.16564933337581,-0.33113088865439266,False
laya,s1q-margin,True,False,22,53.944522967078356,1.4477427450481528,True
laya,s1q,True,True,44,52.513328272004244,0.016548049974041135,False
intern-decision-0.8b,s1q-joint,False,False,22,38.681786318734275,0.0,True
intern-decision-0.8b,s1q-ac,False,True,44,36.80185714423818,-1.8799291744960982,False
intern-decision-0.8b,s1q-margin,True,False,22,37.35005336042171,-1.331732958312564,False
intern-decision-0.8b,s1q,True,True,44,37.887889877203605,-0.79389644153067,False
intern-decision-2b,s1q-joint,False,False,22,39.18753723257093,0.0,False
intern-decision-2b,s1q-ac,False,True,44,41.80139450289179,2.6138572703208567,False
intern-decision-2b,s1q-margin,True,False,22,42.24061706171387,3.0530798291429377,False
intern-decision-2b,s1q,True,True,44,44.28589280665335,5.098355574082419,True
intern-decision-4b,s1q-joint,False,False,22,46.33457673271806,0.0,False
intern-decision-4b,s1q-ac,False,True,44,51.224252068315835,4.889675335597772,True
intern-decision-4b,s1q-margin,True,False,22,48.68187291488893,2.347296182170865,False
intern-decision-4b,s1q,True,True,44,51.17075659874999,4.836179866031927,False
startlux-decision-0.8b,s1q-joint,False,False,22,52.277683316185474,0.0,False
startlux-decision-0.8b,s1q-ac,False,True,44,53.185134218701215,0.9074509025157411,True
startlux-decision-0.8b,s1q-margin,True,False,22,51.377192195050434,-0.9004911211350404,False
startlux-decision-0.8b,s1q,True,True,44,51.76338132067364,-0.5143019955118362,False
startlux-decision-2b,s1q-joint,False,False,22,53.40693382570095,0.0,True
startlux-decision-2b,s1q-ac,False,True,44,52.750768514939715,-0.6561653107612386,False
startlux-decision-2b,s1q-margin,True,False,22,53.22527959489665,-0.18165423080430543,False
startlux-decision-2b,s1q,True,True,44,51.95153545102499,-1.4553983746759656,False
startlux-decision-4b,s1q-joint,False,False,22,56.8034334028095,0.0,False
startlux-decision-4b,s1q-ac,False,True,44,60.85822516843885,4.054791765629346,False
startlux-decision-4b,s1q-margin,True,False,22,60.8026970019922,3.9992635991826972,False
startlux-decision-4b,s1q,True,True,44,65.09675653046831,8.293323127658809,True
All,s1q-joint,False,False,22,52.160470196619805,0.0,False
All,s1q-ac,False,True,44,53.199473058445825,1.0390028618260203,False
All,s1q-margin,True,False,22,52.613371010603124,0.4529008139833195,False
All,s1q,True,True,44,54.10809808273329,1.9476278861134872,True
