model,agnews,amazon,arc,boolq,csqa,emotion,imdb,jevbench,mmlu,mnli,openbookqa,paws,qnli,sciq,semif,sst5,toolace,trec,tweet-offensive,wanli,wildjailbreak,yelp
kev-0.8b,3.0555555555555447,1.5625,-3.90625,0.0,3.125,-3.3333333333333384,-9.433962264150942,4.1666666666666625,-5.05050505050505,1.6393442622950838,0.0,1.5625,3.90625,-5.434782608695654,-2.34375,2.34375,-1.4705882352941235,-9.090909090909083,-3.125,-5.078125,28.90625,-6.818181818181824
kev-4b,2.777777777777779,-3.125,0.0,3.3333333333333326,7.03125,4.1666666666666625,0.0,4.1666666666666625,-2.0202020202020163,-2.4590163934426257,6.25,10.15625,-1.5625,2.1739130434782705,-3.125,8.59375,2.941176470588236,-3.305785123966931,-1.5625,2.734375,-3.125,-3.7878787878787956
kev-9b,3.055555555555556,-3.125,10.9375,4.999999999999993,10.9375,0.8333333333333415,5.660377358490565,2.083333333333326,-7.070707070707072,7.377049180327877,-7.03125,-0.78125,0.0,3.2608695652173947,0.0,10.15625,4.4117647058823595,4.958677685950407,0.0,3.515625,-1.5625,9.848484848484851
laya,1.388888888888884,0.78125,2.34375,-1.6666666666666718,-3.125,0.8333333333333415,-3.7735849056603765,2.083333333333337,-2.0202020202020163,0.0,-2.34375,-6.25,-6.25,-5.434782608695654,5.46875,3.125,8.823529411764708,0.0,0.0,1.171875,-3.125,8.333333333333325
intern-decision-0.8b,9.722222222222221,-4.6875,-7.03125,-0.8333333333333304,9.375,-0.8333333333333304,-13.207547169811317,4.166666666666669,3.0303030303030303,-4.098360655737698,0.0,-1.5625,-0.78125,-3.2608695652174005,-4.6875,4.6875,-10.29411764705882,-4.958677685950422,7.8125,-7.03125,6.25,0.7575757575757514
intern-decision-2b,8.888888888888891,4.6875,10.15625,-11.66666666666667,4.6875,-5.83333333333334,5.660377358490565,4.166666666666674,-1.010101010101011,-1.6393442622950782,3.90625,10.15625,14.84375,3.2608695652173836,4.6875,1.5625,16.176470588235293,10.743801652892557,13.28125,-0.390625,22.65625,-6.8181818181818175
intern-decision-4b,5.833333333333335,0.0,2.34375,0.8333333333333415,7.03125,3.3333333333333326,15.094339622641517,2.083333333333337,9.090909090909088,4.098360655737709,17.1875,-3.90625,-1.5625,-1.0869565217391242,4.6875,-5.46875,8.823529411764708,-2.4793388429752095,27.34375,2.34375,5.46875,5.303030303030304
startlux-decision-0.8b,0.2777777777777768,0.78125,12.5,-7.499999999999996,-0.78125,-2.500000000000002,-9.433962264150942,-6.25,-3.0303030303030276,9.016393442622949,1.5625,7.03125,-2.34375,2.1739130434782594,-5.46875,3.90625,-7.352941176470596,3.3057851239669422,1.5625,-5.078125,3.125,-6.818181818181824
startlux-decision-2b,-3.3333333333333326,-3.125,-8.59375,1.6666666666666718,3.90625,8.333333333333337,0.0,2.083333333333337,-10.1010101010101,-9.016393442622956,-2.34375,-0.78125,3.90625,0.0,-3.125,4.6875,-2.941176470588236,-1.6528925619834711,-7.03125,-2.734375,-10.15625,8.333333333333337
startlux-decision-4b,3.055555555555556,3.125,9.375,7.499999999999996,17.96875,8.333333333333337,7.547169811320742,8.333333333333337,1.010101010101011,12.295081967213118,4.6875,7.8125,14.84375,8.695652173913048,9.375,7.8125,1.4705882352941235,20.661157024793386,1.5625,3.90625,11.71875,11.363636363636365
