method,ranked,accuracy,lower_95,upper_95,accuracy_percent,lower_95_percent,upper_95_percent
native,False,0.7638046864492897,0.7542959238205417,0.7728561378932625,76.38046864492897,75.42959238205417,77.28561378932625
rtn,True,0.35094263758368216,0.34458961618602346,0.3571031635391063,35.094263758368214,34.458961618602345,35.710316353910635
s1q-local,True,0.41600917743324367,0.4092509826843517,0.4234974417362986,41.600917743324366,40.92509826843517,42.34974417362986
s1q2-beta05,True,0.42515603938208,0.418150962451809,0.432549902392964,42.515603938208,41.8150962451809,43.2549902392964
smoothquant-adapted,True,0.36570068120512533,0.3591308913159629,0.3723253426891094,36.57006812051253,35.91308913159629,37.23253426891094
awq-adapted,True,0.42190758477207063,0.4150662350973859,0.4292389645729417,42.19075847720706,41.50662350973859,42.92389645729417
gptq-blockdiag-adapted,True,0.352185928160537,0.34599652506403594,0.3588315577505961,35.2185928160537,34.599652506403594,35.88315577505961
spinquant-nohad-adapted,True,0.37153079657212,0.36528494713383475,0.37811411034332776,37.153079657212004,36.52849471338347,37.81141103433278
spinquant-had-adapted,True,0.42280848859133996,0.416284553310928,0.42955274781336705,42.280848859134,41.6284553310928,42.955274781336705
s1q-joint,True,0.521604701966198,0.5131933650867186,0.5299264391603975,52.1604701966198,51.31933650867187,52.99264391603975
s1q-ac,True,0.531994730584458,0.5235108045273575,0.540081755872537,53.199473058445804,52.35108045273576,54.0081755872537
s1q-margin,True,0.5261337101060313,0.5184614556773012,0.534397512744941,52.613371010603124,51.84614556773012,53.4397512744941
s1q,True,0.541080980827333,0.5327918295851342,0.5492899486942515,54.1080980827333,53.27918295851342,54.92899486942515
