method,reference,difference,lower_95,upper_95,difference_pp,lower_95_pp,upper_95_pp
rtn,s1q-local,-0.06506653984956151,-0.07396641544509808,-0.05665244467315702,-6.506653984956151,-7.396641544509808,-5.665244467315702
rtn,s1q2-beta05,-0.07421340179839786,-0.0828486561182819,-0.06494854166488646,-7.421340179839786,-8.28486561182819,-6.494854166488646
rtn,smoothquant-adapted,-0.014758043621443173,-0.022964422164955024,-0.0075784561879351795,-1.4758043621443173,-2.2964422164955023,-0.757845618793518
rtn,awq-adapted,-0.07096494718838847,-0.07936914319084232,-0.0628190813906042,-7.096494718838847,-7.936914319084232,-6.28190813906042
rtn,gptq-blockdiag-adapted,-0.0012432905768548497,-0.008396556965357339,0.006193147213606837,-0.12432905768548497,-0.8396556965357339,0.6193147213606837
rtn,spinquant-nohad-adapted,-0.020588158988437855,-0.028730402006847837,-0.013035091862958849,-2.0588158988437852,-2.8730402006847835,-1.303509186295885
rtn,spinquant-had-adapted,-0.0718658510076578,-0.08039260555072476,-0.06392515157611056,-7.18658510076578,-8.039260555072476,-6.392515157611056
rtn,s1q-joint,-0.17066206438251585,-0.18068358200494422,-0.1607852531366526,-17.066206438251584,-18.068358200494423,-16.07852531366526
rtn,s1q-ac,-0.18105209300077585,-0.1909836716458275,-0.17066034988549839,-18.105209300077586,-19.09836716458275,-17.066034988549838
rtn,s1q-margin,-0.1751910725223491,-0.1849732948488542,-0.16526727185998863,-17.51910725223491,-18.49732948488542,-16.526727185998862
rtn,s1q,-0.19013834324365086,-0.19997939866373904,-0.18010240447679923,-19.013834324365085,-19.997939866373905,-18.010240447679923
s1q-local,s1q2-beta05,-0.009146861948836349,-0.016521224152792,-0.0015037881345197812,-0.9146861948836349,-1.6521224152791998,-0.15037881345197812
s1q-local,smoothquant-adapted,0.05030849622811834,0.042352039514426905,0.05830620129113274,5.030849622811834,4.23520395144269,5.8306201291132735
s1q-local,awq-adapted,-0.005898407338826961,-0.013578228826116758,0.0015116738359661976,-0.5898407338826961,-1.3578228826116758,0.15116738359661977
s1q-local,gptq-blockdiag-adapted,0.06382324927270666,0.055061758299588294,0.07241500813800432,6.382324927270666,5.5061758299588295,7.241500813800432
s1q-local,spinquant-nohad-adapted,0.044478380861123656,0.03594693972473544,0.0525732450031295,4.447838086112366,3.5946939724735443,5.25732450031295
s1q-local,spinquant-had-adapted,-0.006799311158096288,-0.01422310487300779,0.000735212761969972,-0.6799311158096288,-1.422310487300779,0.07352127619699719
s1q-local,s1q-joint,-0.10559552453295434,-0.11420102654623182,-0.09698760516679525,-10.559552453295435,-11.420102654623182,-9.698760516679524
s1q-local,s1q-ac,-0.11598555315121434,-0.12398234951292837,-0.10796920947770099,-11.598555315121434,-12.398234951292837,-10.796920947770099
s1q-local,s1q-margin,-0.1101245326727876,-0.1182958033814266,-0.10144748165252514,-11.01245326727876,-11.82958033814266,-10.144748165252514
s1q-local,s1q,-0.12507180339408935,-0.13325534939290917,-0.11684118427064583,-12.507180339408935,-13.325534939290918,-11.684118427064583
s1q2-beta05,smoothquant-adapted,0.05945535817695469,0.05121440149758973,0.0672418475152102,5.945535817695468,5.121440149758973,6.72418475152102
s1q2-beta05,awq-adapted,0.003248454610009388,-0.004034117902963044,0.010495691593555297,0.3248454610009388,-0.4034117902963044,1.0495691593555296
s1q2-beta05,gptq-blockdiag-adapted,0.07297011122154301,0.06429030701638401,0.08184611890871292,7.297011122154301,6.429030701638401,8.184611890871292
s1q2-beta05,spinquant-nohad-adapted,0.053625242809960005,0.0452807414784972,0.06159874462138604,5.362524280996,4.52807414784972,6.159874462138603
s1q2-beta05,spinquant-had-adapted,0.0023475507907400606,-0.0049351495794700065,0.009740480651632511,0.23475507907400606,-0.4935149579470006,0.9740480651632512
s1q2-beta05,s1q-joint,-0.096448662584118,-0.10488683857029564,-0.08839946182038397,-9.644866258411799,-10.488683857029564,-8.839946182038396
s1q2-beta05,s1q-ac,-0.10683869120237799,-0.11497518835452945,-0.09921273810572889,-10.683869120237798,-11.497518835452945,-9.92127381057289
s1q2-beta05,s1q-margin,-0.10097767072395125,-0.1093000710132829,-0.09272893871068258,-10.097767072395126,-10.93000710132829,-9.272893871068257
s1q2-beta05,s1q,-0.115924941445253,-0.12469185618101462,-0.10804072541515322,-11.5924941445253,-12.469185618101463,-10.804072541515323
smoothquant-adapted,awq-adapted,-0.0562069035669453,-0.06444119351073901,-0.04821388688524889,-5.62069035669453,-6.444119351073901,-4.821388688524889
smoothquant-adapted,gptq-blockdiag-adapted,0.013514753044588323,0.005430714145731421,0.02087246371747863,1.3514753044588323,0.5430714145731421,2.087246371747863
smoothquant-adapted,spinquant-nohad-adapted,-0.0058301153669946815,-0.013949214444162278,0.0015661622788662281,-0.5830115366994681,-1.394921444416228,0.15661622788662283
smoothquant-adapted,spinquant-had-adapted,-0.057107807386214626,-0.06521418315517927,-0.049332551100149065,-5.710780738621462,-6.521418315517927,-4.9332551100149065
smoothquant-adapted,s1q-joint,-0.15590402076107268,-0.16580216776276707,-0.146370309330006,-15.590402076107267,-16.580216776276707,-14.6370309330006
smoothquant-adapted,s1q-ac,-0.16629404937933268,-0.17567620834265438,-0.1569529310929508,-16.629404937933266,-17.567620834265437,-15.695293109295081
smoothquant-adapted,s1q-margin,-0.16043302890090594,-0.17016694403769966,-0.15078232464371424,-16.043302890090594,-17.016694403769968,-15.078232464371425
smoothquant-adapted,s1q,-0.1753802996222077,-0.18564623189193613,-0.16605164752287296,-17.53802996222077,-18.564623189193615,-16.605164752287298
awq-adapted,gptq-blockdiag-adapted,0.06972165661153362,0.061648937364190595,0.0779353506577796,6.972165661153362,6.164893736419059,7.793535065777959
awq-adapted,spinquant-nohad-adapted,0.05037678819995062,0.0427057206878526,0.058327843564951826,5.037678819995062,4.27057206878526,5.832784356495183
awq-adapted,spinquant-had-adapted,-0.0009009038192693275,-0.008326030127891185,0.006296532465352247,-0.09009038192693275,-0.8326030127891185,0.6296532465352247
awq-adapted,s1q-joint,-0.09969711719412738,-0.10809150747119105,-0.0913608587120363,-9.969711719412738,-10.809150747119105,-9.13608587120363
awq-adapted,s1q-ac,-0.11008714581238738,-0.1175916817791545,-0.10180033042938978,-11.008714581238738,-11.75916817791545,-10.180033042938978
awq-adapted,s1q-margin,-0.10422612533396064,-0.11199012198504268,-0.09597845235316244,-10.422612533396064,-11.199012198504269,-9.597845235316244
awq-adapted,s1q,-0.11917339605526239,-0.1269553120808785,-0.11164462212039362,-11.917339605526239,-12.695531208087852,-11.164462212039362
gptq-blockdiag-adapted,spinquant-nohad-adapted,-0.019344868411583005,-0.02741853487333678,-0.011466110447187785,-1.9344868411583005,-2.7418534873336777,-1.1466110447187785
gptq-blockdiag-adapted,spinquant-had-adapted,-0.07062256043080295,-0.0788402049267717,-0.062447689371973814,-7.0622560430802945,-7.88402049267717,-6.244768937197382
gptq-blockdiag-adapted,s1q-joint,-0.169418773805661,-0.1795517800945086,-0.1591994740679487,-16.9418773805661,-17.955178009450858,-15.91994740679487
gptq-blockdiag-adapted,s1q-ac,-0.179808802423921,-0.18985768515095985,-0.16981676553606384,-17.9808802423921,-18.985768515095984,-16.981676553606384
gptq-blockdiag-adapted,s1q-margin,-0.17394778194549426,-0.18392418825323179,-0.16366996866064132,-17.394778194549428,-18.39241882532318,-16.36699686606413
gptq-blockdiag-adapted,s1q,-0.18889505266679602,-0.199225400046387,-0.17885866508553364,-18.889505266679603,-19.9225400046387,-17.885866508553363
spinquant-nohad-adapted,spinquant-had-adapted,-0.051277692019219945,-0.05891467316465952,-0.043484743325589215,-5.1277692019219945,-5.891467316465953,-4.348474332558921
spinquant-nohad-adapted,s1q-joint,-0.150073905394078,-0.15946963029451944,-0.14076206038603728,-15.0073905394078,-15.946963029451943,-14.076206038603727
spinquant-nohad-adapted,s1q-ac,-0.160463934012338,-0.1695148199688211,-0.15089894549565175,-16.0463934012338,-16.95148199688211,-15.089894549565175
spinquant-nohad-adapted,s1q-margin,-0.15460291353391126,-0.16387270156556885,-0.14578499044109544,-15.460291353391126,-16.387270156556884,-14.578499044109543
spinquant-nohad-adapted,s1q,-0.169550184255213,-0.17889789659068275,-0.16046736375558548,-16.955018425521303,-17.889789659068274,-16.04673637555855
spinquant-had-adapted,s1q-joint,-0.09879621337485806,-0.10684921653153605,-0.09083012063295222,-9.879621337485805,-10.684921653153605,-9.083012063295222
spinquant-had-adapted,s1q-ac,-0.10918624199311805,-0.11759551917700412,-0.1010072024309786,-10.918624199311806,-11.759551917700412,-10.10072024309786
spinquant-had-adapted,s1q-margin,-0.10332522151469131,-0.11156710748423407,-0.09507556072028789,-10.332522151469131,-11.156710748423407,-9.50755607202879
spinquant-had-adapted,s1q,-0.11827249223599307,-0.1264136398624309,-0.11025730626009718,-11.827249223599306,-12.641363986243089,-11.025730626009718
s1q-joint,s1q-ac,-0.010390028618259994,-0.017211643518028053,-0.003464869257115047,-1.0390028618259994,-1.7211643518028052,-0.3464869257115047
s1q-joint,s1q-margin,-0.004529008139833257,-0.011596088527667933,0.0030578194439740388,-0.4529008139833257,-1.1596088527667934,0.30578194439740386
s1q-joint,s1q,-0.01947627886113501,-0.026398535154079483,-0.011860037931716309,-1.947627886113501,-2.6398535154079483,-1.186003793171631
s1q-ac,s1q-margin,0.005861020478426737,-0.0010341990043927966,0.013098077649347967,0.5861020478426737,-0.10341990043927966,1.3098077649347968
s1q-ac,s1q,-0.009086250242875016,-0.01613816655645985,-0.002534823571443658,-0.9086250242875016,-1.613816655645985,-0.2534823571443658
s1q-margin,s1q,-0.014947270721301753,-0.022169924804605577,-0.0081059276690199,-1.4947270721301753,-2.216992480460558,-0.8105927669019901
