case_axis,case_id,aggregation,model_count,source_count,complete_cells,decision_evaluations_per_method,sum_reported_clusters_per_method,positive_cells_vs_ac,negative_cells_vs_ac,positive_cells_vs_best_ablation,negative_cells_vs_best_ablation,accuracy_joint_percent,accuracy_ac_percent,accuracy_margin_percent,accuracy_s1q_percent,gain_vs_joint_pp,gain_vs_ac_pp,gain_vs_margin_pp,best_ablation_accuracy_percent,gap_to_best_ablation_pp,s1q_strict_best,best_ablation_method,rank_gap_to_best_ablation,rank_gain_vs_ac,rank_gain_vs_joint,selected_descriptive_case
single_model,startlux-decision-4b,unweighted mean of all 22 source accuracies,1,22,22,2871,2469,18,4,15,5,56.803433402809496,60.85822516843884,60.80269700199221,65.09675653046831,8.293323127658816,4.23853136202947,4.2940595284761045,60.85822516843884,4.23853136202947,True,AC,1,1,1,True
single_model,intern-decision-2b,unweighted mean of all 22 source accuracies,1,22,22,2871,2469,11,11,9,13,39.18753723257093,41.80139450289179,42.24061706171387,44.28589280665336,5.098355574082426,2.484498303761569,2.045275744939488,42.24061706171387,2.045275744939488,True,Margin,2,2,2,False
single_model,kev-4b,unweighted mean of all 22 source accuracies,1,22,22,2871,2469,13,5,8,11,63.72664891323893,62.99246105874493,62.52852186960501,65.10175239655806,1.3751034833191227,2.1092913378131257,2.573230526953047,63.72664891323893,1.3751034833191227,True,Joint,3,4,5,False
single_model,intern-decision-4b,unweighted mean of all 22 source accuracies,1,22,22,2871,2469,10,9,5,16,46.33457673271807,51.22425206831585,48.68187291488892,51.170756598749996,4.836179866031927,-0.053495469565852716,2.4888836838610757,51.22425206831585,-0.053495469565852716,False,AC,4,7,3,False
single_model,kev-0.8b,unweighted mean of all 22 source accuracies,1,22,22,2871,2469,14,8,6,15,56.631845047633554,54.264477348042526,55.98182596662039,56.41286455142662,-0.21898049620693172,2.1483872033840967,0.43103858480623103,56.631845047633554,-0.21898049620693172,False,Joint,5,3,7,False
single_model,intern-decision-0.8b,unweighted mean of all 22 source accuracies,1,22,22,2871,2469,9,11,4,17,38.681786318734275,36.80185714423818,37.35005336042172,37.887889877203605,-0.79389644153067,1.0860327329654282,0.537836516781887,38.681786318734275,-0.79389644153067,False,Joint,6,5,9,False
single_model,kev-9b,unweighted mean of all 22 source accuracies,1,22,22,2871,2469,8,12,6,13,62.05747695457615,65.95051122676936,60.00112717376365,64.89682302257016,2.8393460679940077,-1.0536882041992044,4.895695848806511,65.95051122676936,-1.0536882041992044,False,AC,7,9,4,False
single_model,startlux-decision-0.8b,unweighted mean of all 22 source accuracies,1,22,22,2871,2469,9,11,5,17,52.27768331618547,53.18513421870121,51.377192195050434,51.76338132067363,-0.5143019955118362,-1.4217528980275773,0.38618912562319707,53.18513421870121,-1.4217528980275773,False,AC,8,10,8,False
single_model,laya,unweighted mean of all 22 source accuracies,1,22,22,2871,2469,13,6,3,15,52.4967802220302,52.1656493333758,53.94452296707835,52.51332827200424,0.01654804997403403,0.3476789386284409,-1.4311946950741117,53.94452296707835,-1.4311946950741117,False,Margin,9,6,6,False
single_model,startlux-decision-2b,unweighted mean of all 22 source accuracies,1,22,22,2871,2469,9,13,3,18,53.40693382570095,52.75076851493971,53.22527959489665,51.95153545102499,-1.4553983746759656,-0.7992330639147198,-1.2737441438716601,53.40693382570095,-1.4553983746759656,False,Joint,10,8,10,False
single_source,sst5,unweighted mean of all 10 model accuracies,10,1,10,1280,1280,9,1,7,3,31.40625,30.859375,30.078125,35.546875,4.140625,4.6875,5.46875,31.40625,4.140625,True,Joint,1,1,3,True
single_source,csqa,unweighted mean of all 10 model accuracies,10,1,10,1280,1280,6,2,5,5,33.75,36.015625,35.859375,39.765625,6.015625,3.75,3.90625,36.015625,3.75,True,AC,2,3,1,False
single_source,wildjailbreak,unweighted mean of all 10 model accuracies,10,1,10,1280,1280,4,5,2,8,30.234375,32.1875,32.578125,36.25,6.015625,4.0625,3.671875,32.578125,3.671875,True,Margin,3,2,2,False
single_source,emotion,unweighted mean of all 10 model accuracies,10,1,10,1200,1200,5,5,2,7,47.75,46.16666666666667,47.75,49.08333333333333,1.3333333333333286,2.916666666666657,1.3333333333333286,47.75,1.3333333333333286,True,Joint,4,4,15,False
single_source,agnews,unweighted mean of all 10 model accuracies,10,1,10,3600,1200,8,2,6,4,72.16666666666667,73.25,74.38888888888889,75.6388888888889,3.4722222222222285,2.3888888888889,1.2500000000000142,74.38888888888889,1.2500000000000142,True,Margin,5,5,5,False
single_source,toolace,unweighted mean of all 10 model accuracies,10,1,10,680,680,4,4,3,5,72.35294117647058,73.23529411764706,72.05882352941175,74.41176470588235,2.058823529411768,1.17647058823529,2.352941176470594,73.23529411764706,1.17647058823529,True,AC,6,7,11,False
single_source,trec,unweighted mean of all 10 model accuracies,10,1,10,1210,1210,6,4,2,6,51.15702479338843,51.90082644628099,50.66115702479338,52.97520661157025,1.8181818181818201,1.0743801652892628,2.314049586776868,51.90082644628099,1.0743801652892628,True,AC,7,8,13,False
single_source,mnli,unweighted mean of all 10 model accuracies,10,1,10,1220,1220,4,6,2,7,49.180327868852466,49.83606557377048,48.27868852459015,50.9016393442623,1.7213114754098342,1.0655737704918167,2.6229508196721483,49.83606557377048,1.0655737704918167,True,AC,8,9,14,False
single_source,yelp,unweighted mean of all 10 model accuracies,10,1,10,1320,660,5,4,4,5,54.77272727272727,56.13636363636364,54.31818181818181,56.742424242424235,1.9696969696969617,0.6060606060605949,2.424242424242422,56.13636363636364,0.6060606060605949,True,AC,9,12,12,False
single_source,paws,unweighted mean of all 10 model accuracies,10,1,10,1280,1280,6,4,4,6,53.671875,55.46875,53.984375,56.015625,2.34375,0.546875,2.03125,55.46875,0.546875,True,AC,10,13,9,False
single_source,tweet-offensive,unweighted mean of all 10 model accuracies,10,1,10,1280,1280,5,3,2,6,67.578125,71.171875,70.078125,71.5625,3.984375,0.390625,1.484375,71.171875,0.390625,True,AC,11,14,4,False
single_source,arc,unweighted mean of all 10 model accuracies,10,1,10,1280,1280,5,5,2,7,36.796875,39.296875,38.28125,39.609375,2.8125,0.3125,1.328125,39.296875,0.3125,True,AC,12,15,6,False
single_source,qnli,unweighted mean of all 10 model accuracies,10,1,10,1280,1280,5,5,3,7,59.0625,60.546875,61.484375,61.5625,2.5,1.015625,0.078125,61.484375,0.078125,True,Margin,13,10,8,False
single_source,openbookqa,unweighted mean of all 10 model accuracies,10,1,10,1280,1280,4,5,2,7,31.640625,33.984375,33.28125,33.828125,2.1875,-0.15625,0.546875,33.984375,-0.15625,False,AC,14,17,10,False
single_source,amazon,unweighted mean of all 10 model accuracies,10,1,10,1280,1280,5,3,1,9,35.0,34.453125,34.296875,34.6875,-0.3125,0.234375,0.390625,35.0,-0.3125,False,Joint,15,16,19,False
single_source,boolq,unweighted mean of all 10 model accuracies,10,1,10,1200,1200,5,4,2,7,58.166666666666664,56.583333333333336,56.833333333333336,57.83333333333333,-0.3333333333333357,1.249999999999993,0.9999999999999929,58.166666666666664,-0.3333333333333357,False,Joint,16,6,20,False
single_source,imdb,unweighted mean of all 10 model accuracies,10,1,10,530,530,4,6,2,8,74.52830188679245,74.90566037735849,74.71698113207546,74.33962264150944,-0.18867924528301216,-0.5660377358490507,-0.37735849056602433,74.90566037735849,-0.5660377358490507,False,AC,17,18,18,False
single_source,jevbench,unweighted mean of all 10 model accuracies,10,1,10,480,480,5,4,5,4,84.16666666666667,87.49999999999999,84.37500000000001,86.87500000000001,2.708333333333343,-0.6249999999999716,2.5,87.49999999999999,-0.6249999999999716,False,AC,18,19,7,False
single_source,wanli,unweighted mean of all 10 model accuracies,10,1,10,2560,2560,6,3,2,7,44.8046875,43.203125,44.609375,44.140625,-0.6640625,0.9375,-0.46875,44.8046875,-0.6640625,False,Joint,19,11,21,False
single_source,semif,unweighted mean of all 10 model accuracies,10,1,10,1280,320,5,5,4,6,53.125,54.921875,52.578125,53.671875,0.546875,-1.25,1.09375,54.921875,-1.25,False,AC,20,21,16,False
single_source,sciq,unweighted mean of all 10 model accuracies,10,1,10,920,920,3,6,1,7,76.52173913043478,79.67391304347827,76.19565217391303,76.95652173913044,0.4347826086956559,-2.717391304347828,0.7608695652174049,79.67391304347827,-2.717391304347828,False,AC,21,22,17,False
single_source,mmlu,unweighted mean of all 10 model accuracies,10,1,10,990,990,5,4,1,9,29.69696969696969,29.090909090909093,30.80808080808081,27.97979797979798,-1.7171717171717091,-1.1111111111111143,-2.8282828282828305,30.80808080808081,-2.8282828282828305,False,Margin,22,20,22,False
