dataset_id,s1q-joint,s1q-ac,s1q-margin,s1q,gain_vs_joint_pp,gain_vs_ac_pp,gain_vs_margin_pp,best_ablation_accuracy_percent,gap_to_best_ablation_pp,best_ablation_method,n,n_clusters
agnews,78.88888888888889,79.16666666666666,82.77777777777777,81.94444444444444,3.055555555555557,2.7777777777777857,-0.8333333333333286,82.77777777777777,-0.8333333333333286,Margin,360,120
amazon,31.25,32.03125,23.4375,34.375,3.125,2.34375,10.9375,32.03125,2.34375,AC,128,128
arc,45.3125,60.15625,48.4375,54.6875,9.375,-5.46875,6.25,60.15625,-5.46875,AC,128,128
boolq,59.166666666666664,56.666666666666664,63.33333333333333,66.66666666666666,7.499999999999993,9.999999999999993,3.3333333333333286,63.33333333333333,3.3333333333333286,Margin,120,120
csqa,42.1875,46.875,42.96875,60.15625,17.96875,13.28125,17.1875,46.875,13.28125,AC,128,128
emotion,60.0,60.83333333333333,55.00000000000001,68.33333333333333,8.333333333333329,7.5,13.333333333333321,60.83333333333333,7.5,AC,120,120
imdb,84.90566037735849,86.79245283018868,90.56603773584906,92.45283018867923,7.547169811320742,5.66037735849055,1.8867924528301643,90.56603773584906,1.8867924528301643,Margin,53,53
jevbench,91.66666666666666,95.83333333333334,93.75,100.0,8.333333333333343,4.166666666666657,6.25,95.83333333333334,4.166666666666657,AC,48,48
mmlu,36.36363636363636,32.32323232323232,36.36363636363636,37.37373737373737,1.0101010101010104,5.050505050505052,1.0101010101010104,36.36363636363636,1.0101010101010104,Joint,99,99
mnli,49.18032786885246,45.90163934426229,60.65573770491803,61.47540983606557,12.295081967213115,15.57377049180328,0.8196721311475414,60.65573770491803,0.8196721311475414,Margin,122,122
openbookqa,41.40625,50.78125,42.96875,46.09375,4.6875,-4.6875,3.125,50.78125,-4.6875,AC,128,128
paws,50.0,50.78125,55.46875,57.8125,7.8125,7.03125,2.34375,55.46875,2.34375,Margin,128,128
qnli,53.90625,57.03125,64.84375,68.75,14.84375,11.71875,3.90625,64.84375,3.90625,Margin,128,128
sciq,85.86956521739131,95.65217391304348,88.04347826086956,94.56521739130436,8.695652173913047,-1.0869565217391255,6.521739130434796,95.65217391304348,-1.0869565217391255,AC,92,92
semif,63.28125,71.09375,71.875,72.65625,9.375,1.5625,0.78125,71.875,0.78125,Margin,128,32
sst5,39.0625,42.1875,37.5,46.875,7.8125,4.6875,9.375,42.1875,4.6875,AC,128,128
toolace,85.29411764705883,82.35294117647058,85.29411764705883,86.76470588235294,1.470588235294116,4.411764705882362,1.470588235294116,85.29411764705883,1.470588235294116,Joint,68,68
trec,43.80165289256198,60.33057851239669,64.46280991735537,64.46280991735537,20.66115702479339,4.132231404958681,0.0,64.46280991735537,0.0,Margin,121,121
tweet-offensive,79.6875,79.6875,78.90625,81.25,1.5625,1.5625,2.34375,79.6875,1.5625,Joint,128,128
wanli,51.171875,50.390625,55.078125,55.078125,3.90625,4.6875,0.0,55.078125,0.0,Margin,256,256
wildjailbreak,25.0,41.40625,40.625,36.71875,11.71875,-4.6875,-3.90625,41.40625,-4.6875,AC,128,128
yelp,52.27272727272727,60.60606060606061,55.3030303030303,63.63636363636363,11.36363636363636,3.030303030303024,8.333333333333336,60.60606060606061,3.030303030303024,AC,132,66
