model,s1q-joint,s1q-ac,s1q-margin,s1q,gain_vs_joint_pp,gain_vs_ac_pp,gain_vs_margin_pp,best_ablation_accuracy_percent,gap_to_best_ablation_pp,best_ablation_method,n,n_clusters
intern-decision-0.8b,18.75,24.21875,21.09375,23.4375,4.6875,-0.78125,2.34375,24.21875,-0.78125,AC,128,128
intern-decision-2b,24.21875,16.40625,17.1875,25.78125,1.5625,9.375,8.59375,24.21875,1.5625,Joint,128,128
intern-decision-4b,31.25,23.4375,23.4375,25.78125,-5.46875,2.34375,2.34375,31.25,-5.46875,Joint,128,128
kev-0.8b,41.40625,35.9375,35.9375,43.75,2.34375,7.8125,7.8125,41.40625,2.34375,Joint,128,128
kev-4b,34.375,39.84375,39.84375,42.96875,8.59375,3.125,3.125,39.84375,3.125,AC,128,128
kev-9b,39.84375,46.09375,37.5,50.0,10.15625,3.90625,12.5,46.09375,3.90625,AC,128,128
laya,25.0,27.34375,29.6875,28.125,3.125,0.78125,-1.5625,29.6875,-1.5625,Margin,128,128
startlux-decision-0.8b,26.5625,27.34375,28.90625,30.46875,3.90625,3.125,1.5625,28.90625,1.5625,Margin,128,128
startlux-decision-2b,33.59375,25.78125,29.6875,38.28125,4.6875,12.5,8.59375,33.59375,4.6875,Joint,128,128
startlux-decision-4b,39.0625,42.1875,37.5,46.875,7.8125,4.6875,9.375,42.1875,4.6875,AC,128,128
