suite_id,comparison_group,model,family,precision,method,method_label,n_datasets,accuracy,nll,brier,ece_15
expanded-v3-w4a4-22source-20261007,all12,intern-decision-0.8b,Intern-Decision,W4A4,rtn,RTN,22,0.3610715157171887,1.7534665454848672,0.8847283303709886,0.3478129706215352
expanded-v3-w4a4-22source-20261007,all12,intern-decision-0.8b,Intern-Decision,W4A4,s1q-local,S1Qv1,22,0.35186214738885657,1.490434998395178,0.7850902075715287,0.25420359837614603
expanded-v3-w4a4-22source-20261007,all12,intern-decision-0.8b,Intern-Decision,W4A4,s1q2-beta05,S1Qv2,22,0.37344148098355495,1.5031809553438398,0.7873422918863393,0.24992241315415362
expanded-v3-w4a4-22source-20261007,all12,intern-decision-0.8b,Intern-Decision,W4A4,smoothquant-adapted,SmoothQuant*,22,0.3557146399418477,1.7580632169837629,0.8808414013535109,0.34556053096468486
expanded-v3-w4a4-22source-20261007,all12,intern-decision-0.8b,Intern-Decision,W4A4,awq-adapted,AWQ*,22,0.35055175441683917,1.4733431779871515,0.7850868686760957,0.2530693472074876
expanded-v3-w4a4-22source-20261007,all12,intern-decision-0.8b,Intern-Decision,W4A4,gptq-blockdiag-adapted,GPTQ-block*,22,0.3578125758148928,1.7920010085795224,0.8859700453066236,0.35977601993331093
expanded-v3-w4a4-22source-20261007,all12,intern-decision-0.8b,Intern-Decision,W4A4,spinquant-nohad-adapted,SpinQuant no-Had*,22,0.3519410602387802,1.6717410864591988,0.8540276059738221,0.3180951456476935
expanded-v3-w4a4-22source-20261007,all12,intern-decision-0.8b,Intern-Decision,W4A4,spinquant-had-adapted,SpinQuant Had*,22,0.3475211174310739,1.5263390574890574,0.7984482513788049,0.2637085243217443
expanded-v3-w4a4-22source-20261007,all12,intern-decision-0.8b,Intern-Decision,W4A4,s1q-joint,S1Q-Joint,22,0.38681786318734274,1.3230002633379647,0.7249416657458008,0.2046640776055945
expanded-v3-w4a4-22source-20261007,all12,intern-decision-0.8b,Intern-Decision,W4A4,s1q-ac,S1Q-AC,22,0.36801857144238176,1.3637330607839317,0.7424729236698737,0.2198425046954064
expanded-v3-w4a4-22source-20261007,all12,intern-decision-0.8b,Intern-Decision,W4A4,s1q-margin,S1Q-Margin,22,0.37350053360421714,1.3128721434728823,0.7222623733358635,0.201167794034749
expanded-v3-w4a4-22source-20261007,all12,intern-decision-0.8b,Intern-Decision,W4A4,s1q,S1Q (current),22,0.37887889877203607,1.3311600385547917,0.7309252825217079,0.20989083503573422
expanded-v3-w4a4-22source-20261007,all12,intern-decision-2b,Intern-Decision,W4A4,rtn,RTN,22,0.3405482010627672,1.690604160627906,0.8714632948855664,0.33062330695785497
expanded-v3-w4a4-22source-20261007,all12,intern-decision-2b,Intern-Decision,W4A4,s1q-local,S1Qv1,22,0.34652511852676526,1.4088034501547275,0.7654783544185374,0.22919300093348316
expanded-v3-w4a4-22source-20261007,all12,intern-decision-2b,Intern-Decision,W4A4,s1q2-beta05,S1Qv2,22,0.35871637930458244,1.39730888380624,0.7581240346242116,0.20963012757894112
expanded-v3-w4a4-22source-20261007,all12,intern-decision-2b,Intern-Decision,W4A4,smoothquant-adapted,SmoothQuant*,22,0.35998357355788674,1.5371770098165614,0.8113914710135616,0.28284936007609146
expanded-v3-w4a4-22source-20261007,all12,intern-decision-2b,Intern-Decision,W4A4,awq-adapted,AWQ*,22,0.3591970741327415,1.3932051110212802,0.7604009003057229,0.22507710633084857
expanded-v3-w4a4-22source-20261007,all12,intern-decision-2b,Intern-Decision,W4A4,gptq-blockdiag-adapted,GPTQ-block*,22,0.3479903758970661,1.7489383085048638,0.8788385366696292,0.3416993690352493
expanded-v3-w4a4-22source-20261007,all12,intern-decision-2b,Intern-Decision,W4A4,spinquant-nohad-adapted,SpinQuant no-Had*,22,0.3567537103683616,1.4978421621191909,0.7899997854910693,0.2585974711252005
expanded-v3-w4a4-22source-20261007,all12,intern-decision-2b,Intern-Decision,W4A4,spinquant-had-adapted,SpinQuant Had*,22,0.3785847277344979,1.3171936111341664,0.7276380274818055,0.19747998234258018
expanded-v3-w4a4-22source-20261007,all12,intern-decision-2b,Intern-Decision,W4A4,s1q-joint,S1Q-Joint,22,0.3918753723257093,1.2120002154655738,0.6848851122781406,0.1751669086381791
expanded-v3-w4a4-22source-20261007,all12,intern-decision-2b,Intern-Decision,W4A4,s1q-ac,S1Q-AC,22,0.4180139450289179,1.2179045336049732,0.6813180522698932,0.17559777822926967
expanded-v3-w4a4-22source-20261007,all12,intern-decision-2b,Intern-Decision,W4A4,s1q-margin,S1Q-Margin,22,0.4224061706171387,1.2023680551251892,0.6668458360736063,0.16874193709150315
expanded-v3-w4a4-22source-20261007,all12,intern-decision-2b,Intern-Decision,W4A4,s1q,S1Q (current),22,0.4428589280665336,1.2000060265422856,0.6585585960862972,0.16293561869873452
expanded-v3-w4a4-22source-20261007,all12,intern-decision-4b,Intern-Decision,W4A4,rtn,RTN,22,0.33096663682285493,1.6104541899287919,0.8476369411284733,0.3110506439233815
expanded-v3-w4a4-22source-20261007,all12,intern-decision-4b,Intern-Decision,W4A4,s1q-local,S1Qv1,22,0.355014091107638,1.4516725977278544,0.7639481240322763,0.22834826867535277
expanded-v3-w4a4-22source-20261007,all12,intern-decision-4b,Intern-Decision,W4A4,s1q2-beta05,S1Qv2,22,0.3468863714007991,1.4676408486728785,0.7815271242735176,0.24460041281397696
expanded-v3-w4a4-22source-20261007,all12,intern-decision-4b,Intern-Decision,W4A4,smoothquant-adapted,SmoothQuant*,22,0.33690676928287716,1.4621206912001783,0.7912264178265458,0.2555173577621361
expanded-v3-w4a4-22source-20261007,all12,intern-decision-4b,Intern-Decision,W4A4,awq-adapted,AWQ*,22,0.3502239708885127,1.4045006519065337,0.7626582861683691,0.22201373878097125
expanded-v3-w4a4-22source-20261007,all12,intern-decision-4b,Intern-Decision,W4A4,gptq-blockdiag-adapted,GPTQ-block*,22,0.3463773820219565,1.6632456505477842,0.8598381524177782,0.3264905906347021
expanded-v3-w4a4-22source-20261007,all12,intern-decision-4b,Intern-Decision,W4A4,spinquant-nohad-adapted,SpinQuant no-Had*,22,0.3429740477319216,1.5640351104174794,0.8177703529918207,0.2767403240167294
expanded-v3-w4a4-22source-20261007,all12,intern-decision-4b,Intern-Decision,W4A4,spinquant-had-adapted,SpinQuant Had*,22,0.3627949849543764,1.48356972129444,0.7755857310751201,0.23323226982257386
expanded-v3-w4a4-22source-20261007,all12,intern-decision-4b,Intern-Decision,W4A4,s1q-joint,S1Q-Joint,22,0.4633457673271807,1.1692357041456964,0.6553518288662866,0.20484457128790642
expanded-v3-w4a4-22source-20261007,all12,intern-decision-4b,Intern-Decision,W4A4,s1q-ac,S1Q-AC,22,0.5122425206831585,1.0871268488472987,0.6021803613436769,0.16104628754388936
expanded-v3-w4a4-22source-20261007,all12,intern-decision-4b,Intern-Decision,W4A4,s1q-margin,S1Q-Margin,22,0.48681872914888924,1.1014605969943312,0.6243754796769555,0.1607851753235933
expanded-v3-w4a4-22source-20261007,all12,intern-decision-4b,Intern-Decision,W4A4,s1q,S1Q (current),22,0.5117075659874999,1.0995684837123416,0.6031974543321359,0.16462292746175028
expanded-v3-w4a4-22source-20261007,all12,kev-0.8b,Kev,W4A4,rtn,RTN,22,0.34627228578952274,1.3210138773111086,0.7396889577948336,0.1980224927011664
expanded-v3-w4a4-22source-20261007,all12,kev-0.8b,Kev,W4A4,s1q-local,S1Qv1,22,0.5365278599335034,1.0482081560791234,0.5808452399661272,0.16324016715134784
expanded-v3-w4a4-22source-20261007,all12,kev-0.8b,Kev,W4A4,s1q2-beta05,S1Qv2,22,0.5293362668469138,1.0592403325675093,0.5879575586199487,0.17378195191686652
expanded-v3-w4a4-22source-20261007,all12,kev-0.8b,Kev,W4A4,smoothquant-adapted,SmoothQuant*,22,0.39863392206842985,1.2017418517934064,0.6850968250721455,0.1707381475004344
expanded-v3-w4a4-22source-20261007,all12,kev-0.8b,Kev,W4A4,awq-adapted,AWQ*,22,0.5227743613405442,1.0591707409955864,0.591908369626759,0.17380582659054927
expanded-v3-w4a4-22source-20261007,all12,kev-0.8b,Kev,W4A4,gptq-blockdiag-adapted,GPTQ-block*,22,0.34656127920087004,1.3501659330222668,0.7543254627108448,0.20935686257409294
expanded-v3-w4a4-22source-20261007,all12,kev-0.8b,Kev,W4A4,spinquant-nohad-adapted,SpinQuant no-Had*,22,0.4292766156290424,1.1875028267503287,0.6700203026793011,0.17239477577439224
expanded-v3-w4a4-22source-20261007,all12,kev-0.8b,Kev,W4A4,spinquant-had-adapted,SpinQuant Had*,22,0.5114831822789448,1.0856905778843002,0.6054114621676983,0.17079540925254558
expanded-v3-w4a4-22source-20261007,all12,kev-0.8b,Kev,W4A4,s1q-joint,S1Q-Joint,22,0.5663184504763356,0.9855903360141108,0.5562910114785429,0.15524428385312278
expanded-v3-w4a4-22source-20261007,all12,kev-0.8b,Kev,W4A4,s1q-ac,S1Q-AC,22,0.5426447734804253,1.0436088827087386,0.5834636322104583,0.16688437170584267
expanded-v3-w4a4-22source-20261007,all12,kev-0.8b,Kev,W4A4,s1q-margin,S1Q-Margin,22,0.5598182596662039,1.0231459813283357,0.5575961256144478,0.15976631187502402
expanded-v3-w4a4-22source-20261007,all12,kev-0.8b,Kev,W4A4,s1q,S1Q (current),22,0.5641286455142661,1.0470821608272953,0.5696761378108637,0.16538085142809766
expanded-v3-w4a4-22source-20261007,all12,kev-4b,Kev,W4A4,rtn,RTN,22,0.3203648138077945,2.579088854736854,1.048286827558739,0.46681183931662196
expanded-v3-w4a4-22source-20261007,all12,kev-4b,Kev,W4A4,s1q-local,S1Qv1,22,0.4811883568627595,1.1657250444525937,0.6493285800250754,0.19208840910717215
expanded-v3-w4a4-22source-20261007,all12,kev-4b,Kev,W4A4,s1q2-beta05,S1Qv2,22,0.5016968547756187,1.1387209644002303,0.6258918138332518,0.1747726626183896
expanded-v3-w4a4-22source-20261007,all12,kev-4b,Kev,W4A4,smoothquant-adapted,SmoothQuant*,22,0.3674502170142003,1.4989233609721249,0.8071255064247466,0.2710561406342854
expanded-v3-w4a4-22source-20261007,all12,kev-4b,Kev,W4A4,awq-adapted,AWQ*,22,0.499336425375516,1.1473760366464347,0.6256103115485934,0.19238740356049414
expanded-v3-w4a4-22source-20261007,all12,kev-4b,Kev,W4A4,gptq-blockdiag-adapted,GPTQ-block*,22,0.3345448455841635,2.521003343120227,1.0168607558895042,0.4554332675979376
expanded-v3-w4a4-22source-20261007,all12,kev-4b,Kev,W4A4,spinquant-nohad-adapted,SpinQuant no-Had*,22,0.3223717696180439,1.8720054168153926,0.9232243073083044,0.37264873131998255
expanded-v3-w4a4-22source-20261007,all12,kev-4b,Kev,W4A4,spinquant-had-adapted,SpinQuant Had*,22,0.38620939338037386,1.3230844121984087,0.7395085330665905,0.21224241810336403
expanded-v3-w4a4-22source-20261007,all12,kev-4b,Kev,W4A4,s1q-joint,S1Q-Joint,22,0.6372664891323894,0.8894660439140392,0.47907255752571853,0.14960397014467772
expanded-v3-w4a4-22source-20261007,all12,kev-4b,Kev,W4A4,s1q-ac,S1Q-AC,22,0.6299246105874492,0.8591525728531588,0.4785909034143696,0.14345504875508938
expanded-v3-w4a4-22source-20261007,all12,kev-4b,Kev,W4A4,s1q-margin,S1Q-Margin,22,0.62528521869605,0.8911874391285517,0.4878110023555006,0.15289451920451763
expanded-v3-w4a4-22source-20261007,all12,kev-4b,Kev,W4A4,s1q,S1Q (current),22,0.6510175239655805,0.855509615545363,0.4657417453295579,0.14566904344024276
expanded-v3-w4a4-22source-20261007,all12,kev-9b,Kev,W4A4,rtn,RTN,22,0.3520972062011935,1.577577004486951,0.8293361049740188,0.29274595884771787
expanded-v3-w4a4-22source-20261007,all12,kev-9b,Kev,W4A4,s1q-local,S1Qv1,22,0.34235593346621795,1.5060058913521865,0.8153849159074426,0.27532361036207154
expanded-v3-w4a4-22source-20261007,all12,kev-9b,Kev,W4A4,s1q2-beta05,S1Qv2,22,0.36103899363525277,1.4618599265248957,0.7903982241048797,0.2604443274099197
expanded-v3-w4a4-22source-20261007,all12,kev-9b,Kev,W4A4,smoothquant-adapted,SmoothQuant*,22,0.33639867682552294,1.508993767189032,0.811384911205981,0.27100723524441755
expanded-v3-w4a4-22source-20261007,all12,kev-9b,Kev,W4A4,awq-adapted,AWQ*,22,0.38654819888186953,1.3229824357669968,0.7342669162355981,0.21058523768728463
expanded-v3-w4a4-22source-20261007,all12,kev-9b,Kev,W4A4,gptq-blockdiag-adapted,GPTQ-block*,22,0.3452492625337501,1.6453635641528346,0.8538523147619598,0.30836716614290227
expanded-v3-w4a4-22source-20261007,all12,kev-9b,Kev,W4A4,spinquant-nohad-adapted,SpinQuant no-Had*,22,0.33175272629761293,1.618768718577521,0.8544741188452065,0.3109526959917229
expanded-v3-w4a4-22source-20261007,all12,kev-9b,Kev,W4A4,spinquant-had-adapted,SpinQuant Had*,22,0.35545718134021503,1.4060538941723884,0.7715695568752188,0.24326555950290701
expanded-v3-w4a4-22source-20261007,all12,kev-9b,Kev,W4A4,s1q-joint,S1Q-Joint,22,0.6205747695457614,0.9070396692766733,0.5048349497541063,0.14793239088326893
expanded-v3-w4a4-22source-20261007,all12,kev-9b,Kev,W4A4,s1q-ac,S1Q-AC,22,0.6595051122676935,0.8310886294065467,0.46546003658019275,0.14882412549607046
expanded-v3-w4a4-22source-20261007,all12,kev-9b,Kev,W4A4,s1q-margin,S1Q-Margin,22,0.6000112717376365,1.0009289617505732,0.546746886475779,0.17238243848068224
expanded-v3-w4a4-22source-20261007,all12,kev-9b,Kev,W4A4,s1q,S1Q (current),22,0.6489682302257017,0.8824663198918821,0.48320738988365214,0.15559677426909532
expanded-v3-w4a4-22source-20261007,all12,laya,Laya,W4A4,rtn,RTN,22,0.43355901519026324,1.4397518577245079,0.7283962758841261,0.2319648871333665
expanded-v3-w4a4-22source-20261007,all12,laya,Laya,W4A4,s1q-local,S1Qv1,22,0.4836322644269712,1.6944242666957838,0.7175874187329432,0.2684264831714908
expanded-v3-w4a4-22source-20261007,all12,laya,Laya,W4A4,s1q2-beta05,S1Qv2,22,0.49666828672499486,1.6287031146786297,0.694804606978163,0.24789353025968933
expanded-v3-w4a4-22source-20261007,all12,laya,Laya,W4A4,smoothquant-adapted,SmoothQuant*,22,0.46348450142382575,1.5425037323564774,0.7246184761820724,0.25474049047281705
expanded-v3-w4a4-22source-20261007,all12,laya,Laya,W4A4,awq-adapted,AWQ*,22,0.48264348339024454,1.6691983924519151,0.727253728155728,0.2693550664422675
expanded-v3-w4a4-22source-20261007,all12,laya,Laya,W4A4,gptq-blockdiag-adapted,GPTQ-block*,22,0.41315091650481434,1.3890379240191322,0.7262477051306044,0.22750621618172598
expanded-v3-w4a4-22source-20261007,all12,laya,Laya,W4A4,spinquant-nohad-adapted,SpinQuant no-Had*,22,0.552702914419868,1.4414239028607838,0.6141990061351462,0.20616685264482293
expanded-v3-w4a4-22source-20261007,all12,laya,Laya,W4A4,spinquant-had-adapted,SpinQuant Had*,22,0.5800492306118225,1.497892204051507,0.6179343942093507,0.23811829902638332
expanded-v3-w4a4-22source-20261007,all12,laya,Laya,W4A4,s1q-joint,S1Q-Joint,22,0.524967802220302,1.6053333296928467,0.6798863419748751,0.2625143730882186
expanded-v3-w4a4-22source-20261007,all12,laya,Laya,W4A4,s1q-ac,S1Q-AC,22,0.5216564933337581,1.4611912502098925,0.6635711823235978,0.25096414385675325
expanded-v3-w4a4-22source-20261007,all12,laya,Laya,W4A4,s1q-margin,S1Q-Margin,22,0.5394452296707837,1.5352619092504842,0.6649361968612024,0.24816261757261066
expanded-v3-w4a4-22source-20261007,all12,laya,Laya,W4A4,s1q,S1Q (current),22,0.5251332827200424,1.5516200764928594,0.6876072313427767,0.2690711760140314
expanded-v3-w4a4-22source-20261007,all12,startlux-decision-0.8b,StartLux-Decision,W4A4,rtn,RTN,22,0.33554662963882803,1.3126388821905406,0.7368075337460871,0.1922677810321837
expanded-v3-w4a4-22source-20261007,all12,startlux-decision-0.8b,StartLux-Decision,W4A4,s1q-local,S1Qv1,22,0.4968454339465853,1.0152707930383011,0.5803268467453105,0.12606186666317953
expanded-v3-w4a4-22source-20261007,all12,startlux-decision-0.8b,StartLux-Decision,W4A4,s1q2-beta05,S1Qv2,22,0.5172632538419376,0.9912882282648612,0.5678042431360268,0.12538466643134033
expanded-v3-w4a4-22source-20261007,all12,startlux-decision-0.8b,StartLux-Decision,W4A4,smoothquant-adapted,SmoothQuant*,22,0.33957421170048485,1.2416074286054595,0.7010011391492814,0.14945753498972963
expanded-v3-w4a4-22source-20261007,all12,startlux-decision-0.8b,StartLux-Decision,W4A4,awq-adapted,AWQ*,22,0.4701487794510576,1.0759384724010865,0.622103581158205,0.15243527063807855
expanded-v3-w4a4-22source-20261007,all12,startlux-decision-0.8b,StartLux-Decision,W4A4,gptq-blockdiag-adapted,GPTQ-block*,22,0.35876365984338243,1.2663079179401744,0.7144057162731074,0.16162116220645592
expanded-v3-w4a4-22source-20261007,all12,startlux-decision-0.8b,StartLux-Decision,W4A4,spinquant-nohad-adapted,SpinQuant no-Had*,22,0.34174218116469735,1.2031498041052358,0.6882975773956924,0.11425660222625322
expanded-v3-w4a4-22source-20261007,all12,startlux-decision-0.8b,StartLux-Decision,W4A4,spinquant-had-adapted,SpinQuant Had*,22,0.4562342743444929,1.0860907109908569,0.6240051090195763,0.13749108211972708
expanded-v3-w4a4-22source-20261007,all12,startlux-decision-0.8b,StartLux-Decision,W4A4,s1q-joint,S1Q-Joint,22,0.5227768331618547,1.0031296200448974,0.5725536621739592,0.13460516937219377
expanded-v3-w4a4-22source-20261007,all12,startlux-decision-0.8b,StartLux-Decision,W4A4,s1q-ac,S1Q-AC,22,0.5318513421870121,1.002439498612958,0.573316781003932,0.13806514503019832
expanded-v3-w4a4-22source-20261007,all12,startlux-decision-0.8b,StartLux-Decision,W4A4,s1q-margin,S1Q-Margin,22,0.5137719219505044,1.004608426891041,0.5758377215188211,0.13985161590902923
expanded-v3-w4a4-22source-20261007,all12,startlux-decision-0.8b,StartLux-Decision,W4A4,s1q,S1Q (current),22,0.5176338132067364,0.9978271696695705,0.5704760153029019,0.11930474975299932
expanded-v3-w4a4-22source-20261007,all12,startlux-decision-2b,StartLux-Decision,W4A4,rtn,RTN,22,0.3440784397445094,1.8189427227581547,0.9063029404754228,0.3565832302972079
expanded-v3-w4a4-22source-20261007,all12,startlux-decision-2b,StartLux-Decision,W4A4,s1q-local,S1Qv1,22,0.36132316782800633,1.2958355045314638,0.7257614127367275,0.18894082336438942
expanded-v3-w4a4-22source-20261007,all12,startlux-decision-2b,StartLux-Decision,W4A4,s1q2-beta05,S1Qv2,22,0.3571514864974962,1.3065579559548934,0.7307867638219889,0.1894926398326624
expanded-v3-w4a4-22source-20261007,all12,startlux-decision-2b,StartLux-Decision,W4A4,smoothquant-adapted,SmoothQuant*,22,0.34862397799387373,1.577610583440154,0.8291206078514555,0.29923177553892666
expanded-v3-w4a4-22source-20261007,all12,startlux-decision-2b,StartLux-Decision,W4A4,awq-adapted,AWQ*,22,0.3574276766894832,1.3304369226711479,0.7426232678621737,0.20541987285078914
expanded-v3-w4a4-22source-20261007,all12,startlux-decision-2b,StartLux-Decision,W4A4,gptq-blockdiag-adapted,GPTQ-block*,22,0.33592522495481625,1.6664913909483838,0.8602652386321781,0.32372331350436545
expanded-v3-w4a4-22source-20261007,all12,startlux-decision-2b,StartLux-Decision,W4A4,spinquant-nohad-adapted,SpinQuant no-Had*,22,0.3386405364152017,1.386187658045362,0.7745238840453299,0.23220348205923136
expanded-v3-w4a4-22source-20261007,all12,startlux-decision-2b,StartLux-Decision,W4A4,spinquant-had-adapted,SpinQuant Had*,22,0.5121941481946687,1.0633929647970457,0.5958418165020847,0.15585329918512866
expanded-v3-w4a4-22source-20261007,all12,startlux-decision-2b,StartLux-Decision,W4A4,s1q-joint,S1Q-Joint,22,0.5340693382570096,1.0065274352233653,0.5682664439296573,0.12088201908522167
expanded-v3-w4a4-22source-20261007,all12,startlux-decision-2b,StartLux-Decision,W4A4,s1q-ac,S1Q-AC,22,0.5275076851493972,1.0333511084684195,0.584508590331548,0.14447356543076173
expanded-v3-w4a4-22source-20261007,all12,startlux-decision-2b,StartLux-Decision,W4A4,s1q-margin,S1Q-Margin,22,0.5322527959489665,1.014704738878285,0.5720213894281824,0.13877642920030037
expanded-v3-w4a4-22source-20261007,all12,startlux-decision-2b,StartLux-Decision,W4A4,s1q,S1Q (current),22,0.5195153545102499,1.0151063410630685,0.579946885462137,0.1400053432615464
expanded-v3-w4a4-22source-20261007,all12,startlux-decision-4b,StartLux-Decision,W4A4,rtn,RTN,22,0.3449216318618995,1.5870679103628118,0.8392795717960867,0.29229861527937
expanded-v3-w4a4-22source-20261007,all12,startlux-decision-4b,StartLux-Decision,W4A4,s1q-local,S1Qv1,22,0.40481740084513357,1.239734842571286,0.7021230248472881,0.18685603281685528
expanded-v3-w4a4-22source-20261007,all12,startlux-decision-4b,StartLux-Decision,W4A4,s1q2-beta05,S1Qv2,22,0.4093610198096503,1.23198666423594,0.6989826752080593,0.18690554442858315
expanded-v3-w4a4-22source-20261007,all12,startlux-decision-4b,StartLux-Decision,W4A4,smoothquant-adapted,SmoothQuant*,22,0.3502363222423042,1.4526627583886473,0.7930752394780648,0.2613235227971782
expanded-v3-w4a4-22source-20261007,all12,startlux-decision-4b,StartLux-Decision,W4A4,awq-adapted,AWQ*,22,0.44022412315389786,1.172886109082114,0.6692035122763109,0.17893049276031808
expanded-v3-w4a4-22source-20261007,all12,startlux-decision-4b,StartLux-Decision,W4A4,gptq-blockdiag-adapted,GPTQ-block*,22,0.33548375924965856,1.6222448402037815,0.8501507292970474,0.3217236098227078
expanded-v3-w4a4-22source-20261007,all12,startlux-decision-4b,StartLux-Decision,W4A4,spinquant-nohad-adapted,SpinQuant no-Had*,22,0.3471524038376705,1.4033239849340298,0.7718717369233116,0.22914818323069783
expanded-v3-w4a4-22source-20261007,all12,startlux-decision-4b,StartLux-Decision,W4A4,spinquant-had-adapted,SpinQuant Had*,22,0.3375566456429337,1.3342496430477104,0.7457954968643522,0.204582725838708
expanded-v3-w4a4-22source-20261007,all12,startlux-decision-4b,StartLux-Decision,W4A4,s1q-joint,S1Q-Joint,22,0.568034334028095,0.9266437090708016,0.526896262065795,0.12744996005480505
expanded-v3-w4a4-22source-20261007,all12,startlux-decision-4b,StartLux-Decision,W4A4,s1q-ac,S1Q-AC,22,0.6085822516843885,0.8544768338115313,0.4880740928236596,0.12677128444350486
expanded-v3-w4a4-22source-20261007,all12,startlux-decision-4b,StartLux-Decision,W4A4,s1q-margin,S1Q-Margin,22,0.6080269700199221,0.859912862856974,0.49098603127835394,0.12257101355019102
expanded-v3-w4a4-22source-20261007,all12,startlux-decision-4b,StartLux-Decision,W4A4,s1q,S1Q (current),22,0.6509675653046831,0.8088454683687726,0.4616017732576774,0.12372555078933806
expanded-v3-w4a4-22source-20261007,s1q6,intern-decision-0.8b,Intern-Decision,W4A4,s1q-local,S1Qv1,22,0.35186214738885657,1.490434998395178,0.7850902075715287,0.25420359837614603
expanded-v3-w4a4-22source-20261007,s1q6,intern-decision-0.8b,Intern-Decision,W4A4,s1q2-beta05,S1Qv2,22,0.37344148098355495,1.5031809553438398,0.7873422918863393,0.24992241315415362
expanded-v3-w4a4-22source-20261007,s1q6,intern-decision-0.8b,Intern-Decision,W4A4,s1q-joint,S1Q-Joint,22,0.38681786318734274,1.3230002633379647,0.7249416657458008,0.2046640776055945
expanded-v3-w4a4-22source-20261007,s1q6,intern-decision-0.8b,Intern-Decision,W4A4,s1q-ac,S1Q-AC,22,0.36801857144238176,1.3637330607839317,0.7424729236698737,0.2198425046954064
expanded-v3-w4a4-22source-20261007,s1q6,intern-decision-0.8b,Intern-Decision,W4A4,s1q-margin,S1Q-Margin,22,0.37350053360421714,1.3128721434728823,0.7222623733358635,0.201167794034749
expanded-v3-w4a4-22source-20261007,s1q6,intern-decision-0.8b,Intern-Decision,W4A4,s1q,S1Q (current),22,0.37887889877203607,1.3311600385547917,0.7309252825217079,0.20989083503573422
expanded-v3-w4a4-22source-20261007,s1q6,intern-decision-2b,Intern-Decision,W4A4,s1q-local,S1Qv1,22,0.34652511852676526,1.4088034501547275,0.7654783544185374,0.22919300093348316
expanded-v3-w4a4-22source-20261007,s1q6,intern-decision-2b,Intern-Decision,W4A4,s1q2-beta05,S1Qv2,22,0.35871637930458244,1.39730888380624,0.7581240346242116,0.20963012757894112
expanded-v3-w4a4-22source-20261007,s1q6,intern-decision-2b,Intern-Decision,W4A4,s1q-joint,S1Q-Joint,22,0.3918753723257093,1.2120002154655738,0.6848851122781406,0.1751669086381791
expanded-v3-w4a4-22source-20261007,s1q6,intern-decision-2b,Intern-Decision,W4A4,s1q-ac,S1Q-AC,22,0.4180139450289179,1.2179045336049732,0.6813180522698932,0.17559777822926967
expanded-v3-w4a4-22source-20261007,s1q6,intern-decision-2b,Intern-Decision,W4A4,s1q-margin,S1Q-Margin,22,0.4224061706171387,1.2023680551251892,0.6668458360736063,0.16874193709150315
expanded-v3-w4a4-22source-20261007,s1q6,intern-decision-2b,Intern-Decision,W4A4,s1q,S1Q (current),22,0.4428589280665336,1.2000060265422856,0.6585585960862972,0.16293561869873452
expanded-v3-w4a4-22source-20261007,s1q6,intern-decision-4b,Intern-Decision,W4A4,s1q-local,S1Qv1,22,0.355014091107638,1.4516725977278544,0.7639481240322763,0.22834826867535277
expanded-v3-w4a4-22source-20261007,s1q6,intern-decision-4b,Intern-Decision,W4A4,s1q2-beta05,S1Qv2,22,0.3468863714007991,1.4676408486728785,0.7815271242735176,0.24460041281397696
expanded-v3-w4a4-22source-20261007,s1q6,intern-decision-4b,Intern-Decision,W4A4,s1q-joint,S1Q-Joint,22,0.4633457673271807,1.1692357041456964,0.6553518288662866,0.20484457128790642
expanded-v3-w4a4-22source-20261007,s1q6,intern-decision-4b,Intern-Decision,W4A4,s1q-ac,S1Q-AC,22,0.5122425206831585,1.0871268488472987,0.6021803613436769,0.16104628754388936
expanded-v3-w4a4-22source-20261007,s1q6,intern-decision-4b,Intern-Decision,W4A4,s1q-margin,S1Q-Margin,22,0.48681872914888924,1.1014605969943312,0.6243754796769555,0.1607851753235933
expanded-v3-w4a4-22source-20261007,s1q6,intern-decision-4b,Intern-Decision,W4A4,s1q,S1Q (current),22,0.5117075659874999,1.0995684837123416,0.6031974543321359,0.16462292746175028
expanded-v3-w4a4-22source-20261007,s1q6,kev-0.8b,Kev,W4A4,s1q-local,S1Qv1,22,0.5365278599335034,1.0482081560791234,0.5808452399661272,0.16324016715134784
expanded-v3-w4a4-22source-20261007,s1q6,kev-0.8b,Kev,W4A4,s1q2-beta05,S1Qv2,22,0.5293362668469138,1.0592403325675093,0.5879575586199487,0.17378195191686652
expanded-v3-w4a4-22source-20261007,s1q6,kev-0.8b,Kev,W4A4,s1q-joint,S1Q-Joint,22,0.5663184504763356,0.9855903360141108,0.5562910114785429,0.15524428385312278
expanded-v3-w4a4-22source-20261007,s1q6,kev-0.8b,Kev,W4A4,s1q-ac,S1Q-AC,22,0.5426447734804253,1.0436088827087386,0.5834636322104583,0.16688437170584267
expanded-v3-w4a4-22source-20261007,s1q6,kev-0.8b,Kev,W4A4,s1q-margin,S1Q-Margin,22,0.5598182596662039,1.0231459813283357,0.5575961256144478,0.15976631187502402
expanded-v3-w4a4-22source-20261007,s1q6,kev-0.8b,Kev,W4A4,s1q,S1Q (current),22,0.5641286455142661,1.0470821608272953,0.5696761378108637,0.16538085142809766
expanded-v3-w4a4-22source-20261007,s1q6,kev-4b,Kev,W4A4,s1q-local,S1Qv1,22,0.4811883568627595,1.1657250444525937,0.6493285800250754,0.19208840910717215
expanded-v3-w4a4-22source-20261007,s1q6,kev-4b,Kev,W4A4,s1q2-beta05,S1Qv2,22,0.5016968547756187,1.1387209644002303,0.6258918138332518,0.1747726626183896
expanded-v3-w4a4-22source-20261007,s1q6,kev-4b,Kev,W4A4,s1q-joint,S1Q-Joint,22,0.6372664891323894,0.8894660439140392,0.47907255752571853,0.14960397014467772
expanded-v3-w4a4-22source-20261007,s1q6,kev-4b,Kev,W4A4,s1q-ac,S1Q-AC,22,0.6299246105874492,0.8591525728531588,0.4785909034143696,0.14345504875508938
expanded-v3-w4a4-22source-20261007,s1q6,kev-4b,Kev,W4A4,s1q-margin,S1Q-Margin,22,0.62528521869605,0.8911874391285517,0.4878110023555006,0.15289451920451763
expanded-v3-w4a4-22source-20261007,s1q6,kev-4b,Kev,W4A4,s1q,S1Q (current),22,0.6510175239655805,0.855509615545363,0.4657417453295579,0.14566904344024276
expanded-v3-w4a4-22source-20261007,s1q6,kev-9b,Kev,W4A4,s1q-local,S1Qv1,22,0.34235593346621795,1.5060058913521865,0.8153849159074426,0.27532361036207154
expanded-v3-w4a4-22source-20261007,s1q6,kev-9b,Kev,W4A4,s1q2-beta05,S1Qv2,22,0.36103899363525277,1.4618599265248957,0.7903982241048797,0.2604443274099197
expanded-v3-w4a4-22source-20261007,s1q6,kev-9b,Kev,W4A4,s1q-joint,S1Q-Joint,22,0.6205747695457614,0.9070396692766733,0.5048349497541063,0.14793239088326893
expanded-v3-w4a4-22source-20261007,s1q6,kev-9b,Kev,W4A4,s1q-ac,S1Q-AC,22,0.6595051122676935,0.8310886294065467,0.46546003658019275,0.14882412549607046
expanded-v3-w4a4-22source-20261007,s1q6,kev-9b,Kev,W4A4,s1q-margin,S1Q-Margin,22,0.6000112717376365,1.0009289617505732,0.546746886475779,0.17238243848068224
expanded-v3-w4a4-22source-20261007,s1q6,kev-9b,Kev,W4A4,s1q,S1Q (current),22,0.6489682302257017,0.8824663198918821,0.48320738988365214,0.15559677426909532
expanded-v3-w4a4-22source-20261007,s1q6,laya,Laya,W4A4,s1q-local,S1Qv1,22,0.4836322644269712,1.6944242666957838,0.7175874187329432,0.2684264831714908
expanded-v3-w4a4-22source-20261007,s1q6,laya,Laya,W4A4,s1q2-beta05,S1Qv2,22,0.49666828672499486,1.6287031146786297,0.694804606978163,0.24789353025968933
expanded-v3-w4a4-22source-20261007,s1q6,laya,Laya,W4A4,s1q-joint,S1Q-Joint,22,0.524967802220302,1.6053333296928467,0.6798863419748751,0.2625143730882186
expanded-v3-w4a4-22source-20261007,s1q6,laya,Laya,W4A4,s1q-ac,S1Q-AC,22,0.5216564933337581,1.4611912502098925,0.6635711823235978,0.25096414385675325
expanded-v3-w4a4-22source-20261007,s1q6,laya,Laya,W4A4,s1q-margin,S1Q-Margin,22,0.5394452296707837,1.5352619092504842,0.6649361968612024,0.24816261757261066
expanded-v3-w4a4-22source-20261007,s1q6,laya,Laya,W4A4,s1q,S1Q (current),22,0.5251332827200424,1.5516200764928594,0.6876072313427767,0.2690711760140314
expanded-v3-w4a4-22source-20261007,s1q6,startlux-decision-0.8b,StartLux-Decision,W4A4,s1q-local,S1Qv1,22,0.4968454339465853,1.0152707930383011,0.5803268467453105,0.12606186666317953
expanded-v3-w4a4-22source-20261007,s1q6,startlux-decision-0.8b,StartLux-Decision,W4A4,s1q2-beta05,S1Qv2,22,0.5172632538419376,0.9912882282648612,0.5678042431360268,0.12538466643134033
expanded-v3-w4a4-22source-20261007,s1q6,startlux-decision-0.8b,StartLux-Decision,W4A4,s1q-joint,S1Q-Joint,22,0.5227768331618547,1.0031296200448974,0.5725536621739592,0.13460516937219377
expanded-v3-w4a4-22source-20261007,s1q6,startlux-decision-0.8b,StartLux-Decision,W4A4,s1q-ac,S1Q-AC,22,0.5318513421870121,1.002439498612958,0.573316781003932,0.13806514503019832
expanded-v3-w4a4-22source-20261007,s1q6,startlux-decision-0.8b,StartLux-Decision,W4A4,s1q-margin,S1Q-Margin,22,0.5137719219505044,1.004608426891041,0.5758377215188211,0.13985161590902923
expanded-v3-w4a4-22source-20261007,s1q6,startlux-decision-0.8b,StartLux-Decision,W4A4,s1q,S1Q (current),22,0.5176338132067364,0.9978271696695705,0.5704760153029019,0.11930474975299932
expanded-v3-w4a4-22source-20261007,s1q6,startlux-decision-2b,StartLux-Decision,W4A4,s1q-local,S1Qv1,22,0.36132316782800633,1.2958355045314638,0.7257614127367275,0.18894082336438942
expanded-v3-w4a4-22source-20261007,s1q6,startlux-decision-2b,StartLux-Decision,W4A4,s1q2-beta05,S1Qv2,22,0.3571514864974962,1.3065579559548934,0.7307867638219889,0.1894926398326624
expanded-v3-w4a4-22source-20261007,s1q6,startlux-decision-2b,StartLux-Decision,W4A4,s1q-joint,S1Q-Joint,22,0.5340693382570096,1.0065274352233653,0.5682664439296573,0.12088201908522167
expanded-v3-w4a4-22source-20261007,s1q6,startlux-decision-2b,StartLux-Decision,W4A4,s1q-ac,S1Q-AC,22,0.5275076851493972,1.0333511084684195,0.584508590331548,0.14447356543076173
expanded-v3-w4a4-22source-20261007,s1q6,startlux-decision-2b,StartLux-Decision,W4A4,s1q-margin,S1Q-Margin,22,0.5322527959489665,1.014704738878285,0.5720213894281824,0.13877642920030037
expanded-v3-w4a4-22source-20261007,s1q6,startlux-decision-2b,StartLux-Decision,W4A4,s1q,S1Q (current),22,0.5195153545102499,1.0151063410630685,0.579946885462137,0.1400053432615464
expanded-v3-w4a4-22source-20261007,s1q6,startlux-decision-4b,StartLux-Decision,W4A4,s1q-local,S1Qv1,22,0.40481740084513357,1.239734842571286,0.7021230248472881,0.18685603281685528
expanded-v3-w4a4-22source-20261007,s1q6,startlux-decision-4b,StartLux-Decision,W4A4,s1q2-beta05,S1Qv2,22,0.4093610198096503,1.23198666423594,0.6989826752080593,0.18690554442858315
expanded-v3-w4a4-22source-20261007,s1q6,startlux-decision-4b,StartLux-Decision,W4A4,s1q-joint,S1Q-Joint,22,0.568034334028095,0.9266437090708016,0.526896262065795,0.12744996005480505
expanded-v3-w4a4-22source-20261007,s1q6,startlux-decision-4b,StartLux-Decision,W4A4,s1q-ac,S1Q-AC,22,0.6085822516843885,0.8544768338115313,0.4880740928236596,0.12677128444350486
expanded-v3-w4a4-22source-20261007,s1q6,startlux-decision-4b,StartLux-Decision,W4A4,s1q-margin,S1Q-Margin,22,0.6080269700199221,0.859912862856974,0.49098603127835394,0.12257101355019102
expanded-v3-w4a4-22source-20261007,s1q6,startlux-decision-4b,StartLux-Decision,W4A4,s1q,S1Q (current),22,0.6509675653046831,0.8088454683687726,0.4616017732576774,0.12372555078933806
