suite_id,comparison_group,family,precision,method,method_label,rank_accuracy,rank_nll,rank_brier,rank_ece_15,accuracy,nll,brier,ece_15,accuracy_percent,delta_rtn_pp,native_accuracy_percent,n_models,n_datasets,n_cells,model_avg_accuracy_wins_including_ties
historical-w4a4-threecohort-20261006,all11,All,W4A4,s1q-margin,S1Q-Margin,1,1,1,1,0.3861575448191204,1.5754235459913954,0.7274044884511032,0.15137972597429925,38.61575448191204,10.993183949624868,59.3784698843146,9,3,27,2
historical-w4a4-threecohort-20261006,all11,All,W4A4,s1q,S1Q (current),2,4,2,4,0.38542303627211183,1.590170187887877,0.7294637514062656,0.16772758275689748,38.54230362721118,10.91973309492401,59.3784698843146,9,3,27,4
historical-w4a4-threecohort-20261006,all11,All,W4A4,s1q-ac,S1Q-AC,3,2,3,3,0.3800328829091892,1.584224602945422,0.7300231734821027,0.15986885940553347,38.00328829091892,10.380717758631747,59.3784698843146,9,3,27,1
historical-w4a4-threecohort-20261006,all11,All,W4A4,s1q-joint,S1Q-Joint,4,3,4,2,0.37708791849500584,1.5862539057796754,0.7312037103664923,0.15252920159660677,37.708791849500585,10.086221317213411,59.3784698843146,9,3,27,1
historical-w4a4-threecohort-20261006,all11,All,W4A4,spinquant-had-adapted,SpinQuant Had*,5,6,5,5,0.3352143708604722,1.690493059629886,0.7802460191976289,0.1872054522786148,33.521437086047214,5.898866553760046,59.3784698843146,9,3,27,1
historical-w4a4-threecohort-20261006,all11,All,W4A4,awq-adapted,AWQ*,6,5,6,6,0.3274738330882825,1.6867833695790488,0.7831432938602231,0.19196101204578053,32.74738330882825,5.124812776541077,59.3784698843146,9,3,27,0
historical-w4a4-threecohort-20261006,all11,All,W4A4,s1q-local,S1Qv1,7,8,7,7,0.32683081306892264,1.7249330401410816,0.7869486235573735,0.19483645386727888,32.68308130689226,5.060510774605093,59.3784698843146,9,3,27,0
historical-w4a4-threecohort-20261006,all11,All,W4A4,s1q2-beta05,S1Qv2,8,7,8,8,0.3208526759404305,1.706734717488234,0.7896298234419811,0.19522248113228752,32.085267594043046,4.462697061755877,59.3784698843146,9,3,27,0
historical-w4a4-threecohort-20261006,all11,All,W4A4,spinquant-nohad-adapted,SpinQuant no-Had*,9,9,9,9,0.29828352969848815,1.825975135457626,0.8426382954626012,0.2347042112826119,29.828352969848815,2.205782437561643,59.3784698843146,9,3,27,0
historical-w4a4-threecohort-20261006,all11,All,W4A4,gptq-blockdiag-adapted,GPTQ-block*,10,10,10,10,0.29034299347218023,2.0404324772682734,0.9021649870003444,0.2912774812660941,29.034299347218024,1.4117288149308516,59.3784698843146,9,3,27,0
historical-w4a4-threecohort-20261006,all11,All,W4A4,rtn,RTN,11,11,11,11,0.2762257053228717,2.0702936429996837,0.9158354431671105,0.3064719000244931,27.62257053228717,0.0,59.3784698843146,9,3,27,0
historical-w4a4-threecohort-20261006,all11,Intern-Decision,W4A4,s1q-margin,S1Q-Margin,1,1,1,1,0.3318285677233627,1.6625170489996717,0.7728775400622522,0.16138780113912943,33.18285677233627,6.515107988429936,54.71648170477551,3,3,9,2
historical-w4a4-threecohort-20261006,all11,Intern-Decision,W4A4,s1q,S1Q (current),2,4,4,4,0.31712580070950247,1.7913419180570307,0.8031458626914293,0.20367346481781273,31.712580070950246,5.044831287043911,54.71648170477551,3,3,9,1
historical-w4a4-threecohort-20261006,all11,Intern-Decision,W4A4,s1q-ac,S1Q-AC,3,3,2,2,0.31402591413142056,1.7611542056367138,0.7945356938474044,0.1908780819506963,31.402591413142055,4.734842629235719,54.71648170477551,3,3,9,0
historical-w4a4-threecohort-20261006,all11,Intern-Decision,W4A4,s1q-joint,S1Q-Joint,4,2,3,3,0.30845751916893394,1.7350343284746395,0.7997837335364021,0.1913963222891253,30.845751916893395,4.178003132987057,54.71648170477551,3,3,9,0
historical-w4a4-threecohort-20261006,all11,Intern-Decision,W4A4,awq-adapted,AWQ*,5,5,5,5,0.29130624719451087,1.8124919214236368,0.8347650468159793,0.2219582400372446,29.130624719451088,2.4628759355447505,54.71648170477551,3,3,9,0
historical-w4a4-threecohort-20261006,all11,Intern-Decision,W4A4,s1q2-beta05,S1Qv2,6,7,6,6,0.2880513788120299,1.8962544437483586,0.8481729726082744,0.23490044330781817,28.80513788120299,2.137389097296655,54.71648170477551,3,3,9,0
historical-w4a4-threecohort-20261006,all11,Intern-Decision,W4A4,gptq-blockdiag-adapted,GPTQ-block*,7,11,10,10,0.2878286215429503,2.1667584114176233,0.9451215688127547,0.34318889266030794,28.78286215429503,2.115113370388694,54.71648170477551,3,3,9,0
historical-w4a4-threecohort-20261006,all11,Intern-Decision,W4A4,spinquant-had-adapted,SpinQuant Had*,8,8,8,8,0.2808421305457077,1.9345098160874297,0.8627601908707591,0.25517351310558245,28.08421305457077,1.416464270664436,54.71648170477551,3,3,9,0
historical-w4a4-threecohort-20261006,all11,Intern-Decision,W4A4,s1q-local,S1Qv1,9,6,7,7,0.2795668854375647,1.8944973420546414,0.8510808878971852,0.2480895128123855,27.95668854375647,1.2889397598501329,54.71648170477551,3,3,9,0
historical-w4a4-threecohort-20261006,all11,Intern-Decision,W4A4,spinquant-nohad-adapted,SpinQuant no-Had*,10,9,9,9,0.2713323096160717,2.0229162691676255,0.9096574237750261,0.3114943650497014,27.13323096160717,0.4654821777008322,54.71648170477551,3,3,9,0
historical-w4a4-threecohort-20261006,all11,Intern-Decision,W4A4,rtn,RTN,11,10,11,11,0.26667748783906337,2.1620417048002416,0.9598808314722747,0.3528104666122049,26.667748783906337,0.0,54.71648170477551,3,3,9,0
historical-w4a4-threecohort-20261006,all11,Kev,W4A4,s1q-joint,S1Q-Joint,1,3,1,2,0.4421436033988787,1.5039795086229537,0.6846351221162603,0.15570652989352574,44.21436033988787,15.099266006746914,62.41801458968863,2,3,6,1
historical-w4a4-threecohort-20261006,all11,Kev,W4A4,s1q,S1Q (current),2,1,3,3,0.43555095441022895,1.4928379232307656,0.6884652702812171,0.16923523493664183,43.55509544102289,14.440001107881939,62.41801458968863,2,3,6,1
historical-w4a4-threecohort-20261006,all11,Kev,W4A4,s1q-margin,S1Q-Margin,3,2,2,4,0.43075061577623874,1.5000054531148044,0.6866789459452027,0.17528561884754323,43.07506157762388,13.959967244482918,62.41801458968863,2,3,6,0
historical-w4a4-threecohort-20261006,all11,Kev,W4A4,s1q-ac,S1Q-AC,4,4,4,5,0.41956900601519775,1.5273931782759453,0.7017132379061601,0.18386545220714978,41.95690060151978,12.84180626837882,62.41801458968863,2,3,6,0
historical-w4a4-threecohort-20261006,all11,Kev,W4A4,spinquant-had-adapted,SpinQuant Had*,5,5,5,1,0.3791890175406052,1.5376846495369758,0.7310190841224931,0.14710672813937364,37.91890175406052,8.803807420919563,62.41801458968863,2,3,6,0
historical-w4a4-threecohort-20261006,all11,Kev,W4A4,s1q-local,S1Qv1,6,8,7,6,0.3694550616463297,1.6364365619921144,0.7523792930028208,0.1855074886723884,36.94550616463297,7.830411831492013,62.41801458968863,2,3,6,0
historical-w4a4-threecohort-20261006,all11,Kev,W4A4,awq-adapted,AWQ*,7,7,8,8,0.3584772076909336,1.6123668561558095,0.7562054655249105,0.1967532839892946,35.847720769093364,6.732626435952405,62.41801458968863,2,3,6,0
historical-w4a4-threecohort-20261006,all11,Kev,W4A4,s1q2-beta05,S1Qv2,8,6,6,7,0.35273565249951905,1.578164612990546,0.7480998532518366,0.18620236945547491,35.27356524995191,6.158470916810948,62.41801458968863,2,3,6,0
historical-w4a4-threecohort-20261006,all11,Kev,W4A4,spinquant-nohad-adapted,SpinQuant no-Had*,9,9,9,9,0.30943410850715913,1.8313981697976205,0.8480102848365977,0.23190854214054407,30.943410850715914,1.8283165175749572,62.41801458968863,2,3,6,0
historical-w4a4-threecohort-20261006,all11,Kev,W4A4,rtn,RTN,10,11,10,10,0.29115094333140956,2.302228709769675,0.9345171695689227,0.3162571419806671,29.115094333140956,0.0,62.41801458968863,2,3,6,0
historical-w4a4-threecohort-20261006,all11,Kev,W4A4,gptq-blockdiag-adapted,GPTQ-block*,11,10,11,11,0.27926354192431363,2.2782134752937218,0.9347687099518404,0.32187755288334985,27.92635419243136,-1.1887401407095932,62.41801458968863,2,3,6,0
historical-w4a4-threecohort-20261006,all11,Laya,W4A4,spinquant-had-adapted,SpinQuant Had*,1,5,1,1,0.4366478326737571,1.6571967269235004,0.7116618376860493,0.17089720491810717,43.66478326737571,11.489798468546459,44.414364161651136,1,3,3,1
historical-w4a4-threecohort-20261006,all11,Laya,W4A4,s1q,S1Q (current),2,1,3,9,0.41042796019182676,1.6380924691819925,0.7412081697134351,0.1948021766327218,41.042796019182674,8.867811220353422,44.414364161651136,1,3,3,0
historical-w4a4-threecohort-20261006,all11,Laya,W4A4,s1q-margin,S1Q-Margin,3,11,9,11,0.4052554827273477,1.7660447457126063,0.7682537513216632,0.21061251934271102,40.52554827273477,8.350563473905515,44.414364161651136,1,3,3,0
historical-w4a4-threecohort-20261006,all11,Laya,W4A4,s1q-ac,S1Q-AC,4,4,5,4,0.4040108331959216,1.6491345977485896,0.7457002951511844,0.1828719764657682,40.40108331959216,8.226098520762909,44.414364161651136,1,3,3,0
historical-w4a4-threecohort-20261006,all11,Laya,W4A4,spinquant-nohad-adapted,SpinQuant no-Had*,5,2,2,5,0.40038445220820623,1.639875677708198,0.7337890888500066,0.18351310880290328,40.03844522082062,7.86346042199137,44.414364161651136,1,3,3,0
historical-w4a4-threecohort-20261006,all11,Laya,W4A4,awq-adapted,AWQ*,6,9,6,2,0.3951717174059417,1.7462734535330924,0.7481776799192494,0.17624179708955592,39.51717174059417,7.342186941764917,44.414364161651136,1,3,3,0
historical-w4a4-threecohort-20261006,all11,Laya,W4A4,s1q-joint,S1Q-Joint,7,7,7,10,0.3906723426292357,1.7167469879261117,0.755216627012159,0.20813762900370394,39.06723426292357,6.892249464094319,44.414364161651136,1,3,3,0
historical-w4a4-threecohort-20261006,all11,Laya,W4A4,s1q-local,S1Qv1,8,10,4,8,0.38833526997966306,1.7556481666836752,0.7446263429512237,0.19194556557303863,38.8335269979663,6.658542199137052,44.414364161651136,1,3,3,0
historical-w4a4-threecohort-20261006,all11,Laya,W4A4,s1q2-beta05,S1Qv2,9,8,8,7,0.38344362770357543,1.7360961381056512,0.7582525698563515,0.1910318815532605,38.34436277035754,6.16937797152829,44.414364161651136,1,3,3,0
historical-w4a4-threecohort-20261006,all11,Laya,W4A4,rtn,RTN,10,6,11,6,0.32174984798829254,1.6957252533686908,0.7917820816542301,0.19037625562573127,32.17498479882926,0.0,44.414364161651136,1,3,3,0
historical-w4a4-threecohort-20261006,all11,Laya,W4A4,gptq-blockdiag-adapted,GPTQ-block*,11,3,10,3,0.3168086086720532,1.645199290614011,0.7893646847256607,0.17942465920499054,31.68086086720532,-0.4941239316239354,44.414364161651136,1,3,3,0
historical-w4a4-threecohort-20261006,all11,StartLux-Decision,W4A4,s1q,S1Q (current),1,2,2,4,0.41196668510273815,1.4379125403920923,0.6791991547687445,0.12175173461754456,41.19666851027382,15.131763519022362,67.0021301678255,3,3,9,2
historical-w4a4-threecohort-20261006,all11,StartLux-Decision,W4A4,s1q-ac,S1Q-AC,2,1,1,2,0.4116897861873746,1.4235459517660585,0.6791582362777353,0.10519420263921489,41.16897861873746,15.10407362748601,67.0021301678255,3,3,9,1
historical-w4a4-threecohort-20261006,all11,StartLux-Decision,W4A4,s1q-margin,S1Q-Margin,3,4,4,3,0.4043918286407233,1.4750683716604431,0.6954653775537012,0.10569012443783583,40.43918286407233,14.374277872820878,67.0021301678255,3,3,9,0
historical-w4a4-threecohort-20261006,all11,StartLux-Decision,W4A4,s1q-joint,S1Q-Joint,4,3,3,1,0.3978197198404192,1.4488253871403802,0.6856651071481819,0.09300771957044318,39.78197198404192,13.717066992790466,67.0021301678255,3,3,9,0
historical-w4a4-threecohort-20261006,all11,StartLux-Decision,W4A4,spinquant-had-adapted,SpinQuant Had*,5,5,5,6,0.32645902611738625,1.5594473541364107,0.753411198078449,0.15140595666464376,32.64590261173863,6.580997620487173,67.0021301678255,3,3,9,0
historical-w4a4-threecohort-20261006,all11,StartLux-Decision,W4A4,s1q-local,S1Qv1,6,8,6,5,0.32517708934509576,1.6041280148126351,0.7599700064559805,0.14876633448351265,32.51770893450958,6.4528039432581235,67.0021301678255,3,3,9,0
historical-w4a4-threecohort-20261006,all11,StartLux-Decision,W4A4,awq-adapted,AWQ*,7,6,7,8,0.32040654114106687,1.5908557986986056,0.7611352977749999,0.1640086744107153,32.04065411410669,5.975749122855234,67.0021301678255,3,3,9,0
historical-w4a4-threecohort-20261006,all11,StartLux-Decision,W4A4,s1q2-beta05,S1Qv2,8,7,8,7,0.311535004775057,1.5931412540207621,0.7692324055976606,0.16295479326764095,31.153500477505702,5.088595486254249,67.0021301678255,3,3,9,0
historical-w4a4-threecohort-20261006,all11,StartLux-Decision,W4A4,gptq-blockdiag-adapted,GPTQ-block*,9,10,10,10,0.2914217947000302,1.887330273320045,0.8750726906451649,0.2562502961474109,29.142179470003022,3.0772744787515682,67.0021301678255,3,3,9,0
historical-w4a4-threecohort-20261006,all11,StartLux-Decision,W4A4,spinquant-nohad-adapted,SpinQuant no-Had*,10,9,9,9,0.2837673897385513,1.6874517981041064,0.80832090977171,0.17684153777013714,28.376738973855133,2.3118339826036785,67.0021301678255,3,3,9,0
historical-w4a4-threecohort-20261006,all11,StartLux-Decision,W4A4,rtn,RTN,11,11,11,11,0.26064904991251453,1.948778333229463,0.9006866910983652,0.2923083869322525,26.064904991251453,0.0,67.0021301678255,3,3,9,0
historical-w4a4-threecohort-20261006,s1q6,All,W4A4,s1q,S1Q (current),1,3,1,4,0.39514443903385826,1.5672917301416762,0.7201357447794153,0.1668579417746888,39.514443903385825,,60.41089859530876,10,3,30,6
historical-w4a4-threecohort-20261006,s1q6,All,W4A4,s1q-margin,S1Q-Margin,2,1,2,1,0.3941057675131228,1.5598323325406174,0.7211418022086966,0.1505823793150007,39.410576751312284,,60.41089859530876,10,3,30,2
historical-w4a4-threecohort-20261006,s1q6,All,W4A4,s1q-ac,S1Q-AC,3,2,3,3,0.3877121615377745,1.5657301735369948,0.7235056719691244,0.16054088515755283,38.77121615377745,,60.41089859530876,10,3,30,1
historical-w4a4-threecohort-20261006,s1q6,All,W4A4,s1q-joint,S1Q-Joint,4,4,4,2,0.38372151068719595,1.5695790606292945,0.7253060629522387,0.15421254717606928,38.372151068719596,,60.41089859530876,10,3,30,1
historical-w4a4-threecohort-20261006,s1q6,All,W4A4,s1q-local,S1Qv1,5,6,5,5,0.3221751050340781,1.7360107798649835,0.7945039606047715,0.20134335319806754,32.21751050340781,,60.41089859530876,10,3,30,0
historical-w4a4-threecohort-20261006,s1q6,All,W4A4,s1q2-beta05,S1Qv2,6,5,6,6,0.31621556977766785,1.7257166823532541,0.7983370627496195,0.2025549367682311,31.621556977766787,,60.41089859530876,10,3,30,0
historical-w4a4-threecohort-20261006,s1q6,Intern-Decision,W4A4,s1q-margin,S1Q-Margin,1,1,1,1,0.3318285677233627,1.6625170489996717,0.7728775400622522,0.16138780113912943,33.18285677233627,,54.71648170477551,3,3,9,2
historical-w4a4-threecohort-20261006,s1q6,Intern-Decision,W4A4,s1q,S1Q (current),2,4,4,4,0.31712580070950247,1.7913419180570307,0.8031458626914293,0.20367346481781273,31.712580070950246,,54.71648170477551,3,3,9,1
historical-w4a4-threecohort-20261006,s1q6,Intern-Decision,W4A4,s1q-ac,S1Q-AC,3,3,2,2,0.31402591413142056,1.7611542056367138,0.7945356938474044,0.1908780819506963,31.402591413142055,,54.71648170477551,3,3,9,0
historical-w4a4-threecohort-20261006,s1q6,Intern-Decision,W4A4,s1q-joint,S1Q-Joint,4,2,3,3,0.30845751916893394,1.7350343284746395,0.7997837335364021,0.1913963222891253,30.845751916893395,,54.71648170477551,3,3,9,0
historical-w4a4-threecohort-20261006,s1q6,Intern-Decision,W4A4,s1q2-beta05,S1Qv2,5,6,5,5,0.2880513788120299,1.8962544437483586,0.8481729726082744,0.23490044330781817,28.80513788120299,,54.71648170477551,3,3,9,0
historical-w4a4-threecohort-20261006,s1q6,Intern-Decision,W4A4,s1q-local,S1Qv1,6,5,6,6,0.2795668854375647,1.8944973420546414,0.8510808878971852,0.2480895128123855,27.95668854375647,,54.71648170477551,3,3,9,0
historical-w4a4-threecohort-20261006,s1q6,Kev,W4A4,s1q,S1Q (current),1,1,1,3,0.45124632423667793,1.4490204856291335,0.6710380752333991,0.1658338809360314,45.12463242366779,,64.84626205787781,3,3,9,2
historical-w4a4-threecohort-20261006,s1q6,Kev,W4A4,s1q-joint,S1Q-Joint,2,3,3,1,0.44257034907155485,1.4758214905072586,0.6804991601521587,0.1602585723927611,44.257034907155486,,64.84626205787781,3,3,9,1
historical-w4a4-threecohort-20261006,s1q6,Kev,W4A4,s1q-margin,S1Q-Margin,3,2,2,2,0.4423803344372074,1.4731741059044074,0.6793785059724807,0.16465916569213346,44.238033443720745,,64.84626205787781,3,3,9,0
historical-w4a4-threecohort-20261006,s1q6,Kev,W4A4,s1q-ac,S1Q-AC,4,4,4,4,0.43198789374181257,1.484688888471014,0.68942487805488,0.1781066737800088,43.19878937418126,,64.84626205787781,3,3,9,0
historical-w4a4-threecohort-20261006,s1q6,Kev,W4A4,s1q-local,S1Qv1,5,6,5,5,0.33972795200437883,1.7028611871214436,0.7890868600123315,0.21030680817331407,33.972795200437886,,64.84626205787781,3,3,9,0
historical-w4a4-threecohort-20261006,s1q6,Kev,W4A4,s1q2-beta05,S1Qv2,6,5,6,6,0.32665097310394736,1.6842945307065094,0.7909673076740126,0.2136505921342244,32.665097310394735,,64.84626205787781,3,3,9,0
historical-w4a4-threecohort-20261006,s1q6,Laya,W4A4,s1q,S1Q (current),1,1,1,4,0.41042796019182676,1.6380924691819925,0.7412081697134351,0.1948021766327218,41.042796019182674,,44.414364161651136,1,3,3,1
historical-w4a4-threecohort-20261006,s1q6,Laya,W4A4,s1q-margin,S1Q-Margin,2,6,6,6,0.4052554827273477,1.7660447457126063,0.7682537513216632,0.21061251934271102,40.52554827273477,,44.414364161651136,1,3,3,0
historical-w4a4-threecohort-20261006,s1q6,Laya,W4A4,s1q-ac,S1Q-AC,3,2,3,1,0.4040108331959216,1.6491345977485896,0.7457002951511844,0.1828719764657682,40.40108331959216,,44.414364161651136,1,3,3,0
historical-w4a4-threecohort-20261006,s1q6,Laya,W4A4,s1q-joint,S1Q-Joint,4,3,4,5,0.3906723426292357,1.7167469879261117,0.755216627012159,0.20813762900370394,39.06723426292357,,44.414364161651136,1,3,3,0
historical-w4a4-threecohort-20261006,s1q6,Laya,W4A4,s1q-local,S1Qv1,5,5,2,3,0.38833526997966306,1.7556481666836752,0.7446263429512237,0.19194556557303863,38.8335269979663,,44.414364161651136,1,3,3,0
historical-w4a4-threecohort-20261006,s1q6,Laya,W4A4,s1q2-beta05,S1Qv2,6,4,5,2,0.38344362770357543,1.7360961381056512,0.7582525698563515,0.1910318815532605,38.34436277035754,,44.414364161651136,1,3,3,0
historical-w4a4-threecohort-20261006,s1q6,StartLux-Decision,W4A4,s1q,S1Q (current),1,2,2,4,0.41196668510273815,1.4379125403920923,0.6791991547687445,0.12175173461754456,41.19666851027382,,67.0021301678255,3,3,9,2
historical-w4a4-threecohort-20261006,s1q6,StartLux-Decision,W4A4,s1q-ac,S1Q-AC,2,1,1,2,0.4116897861873746,1.4235459517660585,0.6791582362777353,0.10519420263921489,41.16897861873746,,67.0021301678255,3,3,9,1
historical-w4a4-threecohort-20261006,s1q6,StartLux-Decision,W4A4,s1q-margin,S1Q-Margin,3,4,4,3,0.4043918286407233,1.4750683716604431,0.6954653775537012,0.10569012443783583,40.43918286407233,,67.0021301678255,3,3,9,0
historical-w4a4-threecohort-20261006,s1q6,StartLux-Decision,W4A4,s1q-joint,S1Q-Joint,4,3,3,1,0.3978197198404192,1.4488253871403802,0.6856651071481819,0.09300771957044318,39.78197198404192,,67.0021301678255,3,3,9,0
historical-w4a4-threecohort-20261006,s1q6,StartLux-Decision,W4A4,s1q-local,S1Qv1,5,6,5,5,0.32517708934509576,1.6041280148126351,0.7599700064559805,0.14876633448351265,32.51770893450958,,67.0021301678255,3,3,9,0
historical-w4a4-threecohort-20261006,s1q6,StartLux-Decision,W4A4,s1q2-beta05,S1Qv2,6,5,6,6,0.311535004775057,1.5931412540207621,0.7692324055976606,0.16295479326764095,31.153500477505702,,67.0021301678255,3,3,9,0
newfamily-w4a4-threecohort-20261006,all11,All,W4A4,s1q-margin,S1Q-Margin,1,1,1,1,0.36811019818204305,1.5687927103300574,0.7341714588079767,0.13353896278848262,36.81101981820431,10.44469293062541,60.859305936300515,6,3,18,2
newfamily-w4a4-threecohort-20261006,all11,All,W4A4,s1q,S1Q (current),2,4,3,4,0.3645462429061203,1.6146272292245614,0.7411725087300869,0.16271259971767865,36.45462429061203,10.088297403033136,60.859305936300515,6,3,18,3
newfamily-w4a4-threecohort-20261006,all11,All,W4A4,s1q-ac,S1Q-AC,3,3,2,3,0.3628578501593976,1.592350078701386,0.7368469650625699,0.1480361422949556,36.28578501593976,9.919458128360864,60.859305936300515,6,3,18,1
newfamily-w4a4-threecohort-20261006,all11,All,W4A4,s1q-joint,S1Q-Joint,4,2,4,2,0.35313861950467657,1.5919298578075098,0.7427244203422919,0.14220202092978423,35.313861950467654,8.947535062888761,60.859305936300515,6,3,18,0
newfamily-w4a4-threecohort-20261006,all11,All,W4A4,awq-adapted,AWQ*,5,5,5,5,0.30585639416778887,1.7016738600611212,0.7979501722954896,0.19298345722397994,30.585639416778886,4.219312529199993,60.859305936300515,6,3,18,0
newfamily-w4a4-threecohort-20261006,all11,All,W4A4,spinquant-had-adapted,SpinQuant Had*,6,7,7,8,0.303650578331547,1.7469785851119202,0.8080856944746041,0.20328973488511312,30.3650578331547,3.998730945575807,60.859305936300515,6,3,18,0
newfamily-w4a4-threecohort-20261006,all11,All,W4A4,s1q-local,S1Qv1,7,8,6,6,0.30237198739133025,1.7493126784336384,0.8055254471765828,0.19842792364794906,30.237198739133024,3.8708718515541305,60.859305936300515,6,3,18,0
newfamily-w4a4-threecohort-20261006,all11,All,W4A4,s1q2-beta05,S1Qv2,8,6,8,7,0.29979319179354347,1.7446978488845604,0.8087026891029675,0.19892761828772956,29.97931917935435,3.612992291775452,60.859305936300515,6,3,18,0
newfamily-w4a4-threecohort-20261006,all11,All,W4A4,gptq-blockdiag-adapted,GPTQ-block*,9,10,10,10,0.2896252081214903,2.0270443423688342,0.9100971297289598,0.2997195944038594,28.96252081214903,2.5961939245701338,60.859305936300515,6,3,18,0
newfamily-w4a4-threecohort-20261006,all11,All,W4A4,spinquant-nohad-adapted,SpinQuant no-Had*,10,9,9,9,0.2775498496773115,1.8551840336358658,0.8589891667733681,0.2441679514099193,27.75498496773115,1.3886580801522552,60.859305936300515,6,3,18,0
newfamily-w4a4-threecohort-20261006,all11,All,W4A4,rtn,RTN,11,11,11,11,0.26366326887578895,2.055410019014852,0.9302837612853199,0.32255942677222865,26.366326887578893,0.0,60.859305936300515,6,3,18,0
newfamily-w4a4-threecohort-20261006,all11,Intern-Decision,W4A4,s1q-margin,S1Q-Margin,1,1,1,1,0.3318285677233627,1.6625170489996717,0.7728775400622522,0.16138780113912943,33.18285677233627,6.515107988429936,54.71648170477551,3,3,9,2
newfamily-w4a4-threecohort-20261006,all11,Intern-Decision,W4A4,s1q,S1Q (current),2,4,4,4,0.31712580070950247,1.7913419180570307,0.8031458626914293,0.20367346481781273,31.712580070950246,5.044831287043911,54.71648170477551,3,3,9,1
newfamily-w4a4-threecohort-20261006,all11,Intern-Decision,W4A4,s1q-ac,S1Q-AC,3,3,2,2,0.31402591413142056,1.7611542056367138,0.7945356938474044,0.1908780819506963,31.402591413142055,4.734842629235719,54.71648170477551,3,3,9,0
newfamily-w4a4-threecohort-20261006,all11,Intern-Decision,W4A4,s1q-joint,S1Q-Joint,4,2,3,3,0.30845751916893394,1.7350343284746395,0.7997837335364021,0.1913963222891253,30.845751916893395,4.178003132987057,54.71648170477551,3,3,9,0
newfamily-w4a4-threecohort-20261006,all11,Intern-Decision,W4A4,awq-adapted,AWQ*,5,5,5,5,0.29130624719451087,1.8124919214236368,0.8347650468159793,0.2219582400372446,29.130624719451088,2.4628759355447505,54.71648170477551,3,3,9,0
newfamily-w4a4-threecohort-20261006,all11,Intern-Decision,W4A4,s1q2-beta05,S1Qv2,6,7,6,6,0.2880513788120299,1.8962544437483586,0.8481729726082744,0.23490044330781817,28.80513788120299,2.137389097296655,54.71648170477551,3,3,9,0
newfamily-w4a4-threecohort-20261006,all11,Intern-Decision,W4A4,gptq-blockdiag-adapted,GPTQ-block*,7,11,10,10,0.2878286215429503,2.1667584114176233,0.9451215688127547,0.34318889266030794,28.78286215429503,2.115113370388694,54.71648170477551,3,3,9,0
newfamily-w4a4-threecohort-20261006,all11,Intern-Decision,W4A4,spinquant-had-adapted,SpinQuant Had*,8,8,8,8,0.2808421305457077,1.9345098160874297,0.8627601908707591,0.25517351310558245,28.08421305457077,1.416464270664436,54.71648170477551,3,3,9,0
newfamily-w4a4-threecohort-20261006,all11,Intern-Decision,W4A4,s1q-local,S1Qv1,9,6,7,7,0.2795668854375647,1.8944973420546414,0.8510808878971852,0.2480895128123855,27.95668854375647,1.2889397598501329,54.71648170477551,3,3,9,0
newfamily-w4a4-threecohort-20261006,all11,Intern-Decision,W4A4,spinquant-nohad-adapted,SpinQuant no-Had*,10,9,9,9,0.2713323096160717,2.0229162691676255,0.9096574237750261,0.3114943650497014,27.13323096160717,0.4654821777008322,54.71648170477551,3,3,9,0
newfamily-w4a4-threecohort-20261006,all11,Intern-Decision,W4A4,rtn,RTN,11,10,11,11,0.26667748783906337,2.1620417048002416,0.9598808314722747,0.3528104666122049,26.667748783906337,0.0,54.71648170477551,3,3,9,0
newfamily-w4a4-threecohort-20261006,all11,StartLux-Decision,W4A4,s1q,S1Q (current),1,2,2,4,0.41196668510273815,1.4379125403920923,0.6791991547687445,0.12175173461754456,41.19666851027382,15.131763519022362,67.0021301678255,3,3,9,2
newfamily-w4a4-threecohort-20261006,all11,StartLux-Decision,W4A4,s1q-ac,S1Q-AC,2,1,1,2,0.4116897861873746,1.4235459517660585,0.6791582362777353,0.10519420263921489,41.16897861873746,15.10407362748601,67.0021301678255,3,3,9,1
newfamily-w4a4-threecohort-20261006,all11,StartLux-Decision,W4A4,s1q-margin,S1Q-Margin,3,4,4,3,0.4043918286407233,1.4750683716604431,0.6954653775537012,0.10569012443783583,40.43918286407233,14.374277872820878,67.0021301678255,3,3,9,0
newfamily-w4a4-threecohort-20261006,all11,StartLux-Decision,W4A4,s1q-joint,S1Q-Joint,4,3,3,1,0.3978197198404192,1.4488253871403802,0.6856651071481819,0.09300771957044318,39.78197198404192,13.717066992790466,67.0021301678255,3,3,9,0
newfamily-w4a4-threecohort-20261006,all11,StartLux-Decision,W4A4,spinquant-had-adapted,SpinQuant Had*,5,5,5,6,0.32645902611738625,1.5594473541364107,0.753411198078449,0.15140595666464376,32.64590261173863,6.580997620487173,67.0021301678255,3,3,9,0
newfamily-w4a4-threecohort-20261006,all11,StartLux-Decision,W4A4,s1q-local,S1Qv1,6,8,6,5,0.32517708934509576,1.6041280148126351,0.7599700064559805,0.14876633448351265,32.51770893450958,6.4528039432581235,67.0021301678255,3,3,9,0
newfamily-w4a4-threecohort-20261006,all11,StartLux-Decision,W4A4,awq-adapted,AWQ*,7,6,7,8,0.32040654114106687,1.5908557986986056,0.7611352977749999,0.1640086744107153,32.04065411410669,5.975749122855234,67.0021301678255,3,3,9,0
newfamily-w4a4-threecohort-20261006,all11,StartLux-Decision,W4A4,s1q2-beta05,S1Qv2,8,7,8,7,0.311535004775057,1.5931412540207621,0.7692324055976606,0.16295479326764095,31.153500477505702,5.088595486254249,67.0021301678255,3,3,9,0
newfamily-w4a4-threecohort-20261006,all11,StartLux-Decision,W4A4,gptq-blockdiag-adapted,GPTQ-block*,9,10,10,10,0.2914217947000302,1.887330273320045,0.8750726906451649,0.2562502961474109,29.142179470003022,3.0772744787515682,67.0021301678255,3,3,9,0
newfamily-w4a4-threecohort-20261006,all11,StartLux-Decision,W4A4,spinquant-nohad-adapted,SpinQuant no-Had*,10,9,9,9,0.2837673897385513,1.6874517981041064,0.80832090977171,0.17684153777013714,28.376738973855133,2.3118339826036785,67.0021301678255,3,3,9,0
newfamily-w4a4-threecohort-20261006,all11,StartLux-Decision,W4A4,rtn,RTN,11,11,11,11,0.26064904991251453,1.948778333229463,0.9006866910983652,0.2923083869322525,26.064904991251453,0.0,67.0021301678255,3,3,9,0
newfamily-w4a4-threecohort-20261006,s1q6,All,W4A4,s1q-margin,S1Q-Margin,1,1,1,1,0.36811019818204305,1.5687927103300574,0.7341714588079767,0.13353896278848262,36.81101981820431,,60.859305936300515,6,3,18,2
newfamily-w4a4-threecohort-20261006,s1q6,All,W4A4,s1q,S1Q (current),2,4,3,4,0.3645462429061203,1.6146272292245614,0.7411725087300869,0.16271259971767865,36.45462429061203,,60.859305936300515,6,3,18,3
newfamily-w4a4-threecohort-20261006,s1q6,All,W4A4,s1q-ac,S1Q-AC,3,3,2,3,0.3628578501593976,1.592350078701386,0.7368469650625699,0.1480361422949556,36.28578501593976,,60.859305936300515,6,3,18,1
newfamily-w4a4-threecohort-20261006,s1q6,All,W4A4,s1q-joint,S1Q-Joint,4,2,4,2,0.35313861950467657,1.5919298578075098,0.7427244203422919,0.14220202092978423,35.313861950467654,,60.859305936300515,6,3,18,0
newfamily-w4a4-threecohort-20261006,s1q6,All,W4A4,s1q-local,S1Qv1,5,6,5,5,0.30237198739133025,1.7493126784336384,0.8055254471765828,0.19842792364794906,30.237198739133024,,60.859305936300515,6,3,18,0
newfamily-w4a4-threecohort-20261006,s1q6,All,W4A4,s1q2-beta05,S1Qv2,6,5,6,6,0.29979319179354347,1.7446978488845604,0.8087026891029675,0.19892761828772956,29.97931917935435,,60.859305936300515,6,3,18,0
newfamily-w4a4-threecohort-20261006,s1q6,Intern-Decision,W4A4,s1q-margin,S1Q-Margin,1,1,1,1,0.3318285677233627,1.6625170489996717,0.7728775400622522,0.16138780113912943,33.18285677233627,,54.71648170477551,3,3,9,2
newfamily-w4a4-threecohort-20261006,s1q6,Intern-Decision,W4A4,s1q,S1Q (current),2,4,4,4,0.31712580070950247,1.7913419180570307,0.8031458626914293,0.20367346481781273,31.712580070950246,,54.71648170477551,3,3,9,1
newfamily-w4a4-threecohort-20261006,s1q6,Intern-Decision,W4A4,s1q-ac,S1Q-AC,3,3,2,2,0.31402591413142056,1.7611542056367138,0.7945356938474044,0.1908780819506963,31.402591413142055,,54.71648170477551,3,3,9,0
newfamily-w4a4-threecohort-20261006,s1q6,Intern-Decision,W4A4,s1q-joint,S1Q-Joint,4,2,3,3,0.30845751916893394,1.7350343284746395,0.7997837335364021,0.1913963222891253,30.845751916893395,,54.71648170477551,3,3,9,0
newfamily-w4a4-threecohort-20261006,s1q6,Intern-Decision,W4A4,s1q2-beta05,S1Qv2,5,6,5,5,0.2880513788120299,1.8962544437483586,0.8481729726082744,0.23490044330781817,28.80513788120299,,54.71648170477551,3,3,9,0
newfamily-w4a4-threecohort-20261006,s1q6,Intern-Decision,W4A4,s1q-local,S1Qv1,6,5,6,6,0.2795668854375647,1.8944973420546414,0.8510808878971852,0.2480895128123855,27.95668854375647,,54.71648170477551,3,3,9,0
newfamily-w4a4-threecohort-20261006,s1q6,StartLux-Decision,W4A4,s1q,S1Q (current),1,2,2,4,0.41196668510273815,1.4379125403920923,0.6791991547687445,0.12175173461754456,41.19666851027382,,67.0021301678255,3,3,9,2
newfamily-w4a4-threecohort-20261006,s1q6,StartLux-Decision,W4A4,s1q-ac,S1Q-AC,2,1,1,2,0.4116897861873746,1.4235459517660585,0.6791582362777353,0.10519420263921489,41.16897861873746,,67.0021301678255,3,3,9,1
newfamily-w4a4-threecohort-20261006,s1q6,StartLux-Decision,W4A4,s1q-margin,S1Q-Margin,3,4,4,3,0.4043918286407233,1.4750683716604431,0.6954653775537012,0.10569012443783583,40.43918286407233,,67.0021301678255,3,3,9,0
newfamily-w4a4-threecohort-20261006,s1q6,StartLux-Decision,W4A4,s1q-joint,S1Q-Joint,4,3,3,1,0.3978197198404192,1.4488253871403802,0.6856651071481819,0.09300771957044318,39.78197198404192,,67.0021301678255,3,3,9,0
newfamily-w4a4-threecohort-20261006,s1q6,StartLux-Decision,W4A4,s1q-local,S1Qv1,5,6,5,5,0.32517708934509576,1.6041280148126351,0.7599700064559805,0.14876633448351265,32.51770893450958,,67.0021301678255,3,3,9,0
newfamily-w4a4-threecohort-20261006,s1q6,StartLux-Decision,W4A4,s1q2-beta05,S1Qv2,6,5,6,6,0.311535004775057,1.5931412540207621,0.7692324055976606,0.16295479326764095,31.153500477505702,,67.0021301678255,3,3,9,0
original-w3a4-dev-stress-20261004,all11,All,W3A4,s1q,S1Q (current),1,1,1,1,0.5209003215434084,1.029055148801734,0.597120460961869,0.13731974094392446,52.09003215434084,12.86173633440515,82.79742765273312,2,1,2,2
original-w3a4-dev-stress-20261004,all11,All,W3A4,s1q-joint,S1Q-Joint,2,2,2,2,0.4855305466237942,1.0335512647347294,0.6141345604243238,0.14292790923207943,48.55305466237942,9.324758842443732,82.79742765273312,2,1,2,0
original-w3a4-dev-stress-20261004,all11,All,W3A4,s1q-margin,S1Q-Margin,3,5,4,4,0.47266881028938906,1.1367836368710118,0.6470365147947892,0.16539981132267031,47.266881028938904,8.038585209003218,82.79742765273312,2,1,2,0
original-w3a4-dev-stress-20261004,all11,All,W3A4,s1q-ac,S1Q-AC,4,3,3,3,0.4646302250803859,1.0585059588388586,0.629143639365659,0.16018489101168498,46.463022508038584,7.234726688102899,82.79742765273312,2,1,2,0
original-w3a4-dev-stress-20261004,all11,All,W3A4,s1q2-beta05,S1Qv2,5,4,5,5,0.4437299035369775,1.1003416465987204,0.6627965759436321,0.19448901155467896,44.37299035369775,5.1446945337620615,82.79742765273312,2,1,2,0
original-w3a4-dev-stress-20261004,all11,All,W3A4,s1q-local,S1Qv1,6,7,7,6,0.4228295819935691,1.2002847144478337,0.7012610668589587,0.21255272877326625,42.28295819935691,3.0546623794212246,82.79742765273312,2,1,2,0
original-w3a4-dev-stress-20261004,all11,All,W3A4,spinquant-had-adapted,SpinQuant Had*,7,8,8,8,0.41800643086816724,1.452573190324798,0.7672946881935587,0.25924593539497476,41.80064308681673,2.5723472668810365,82.79742765273312,2,1,2,0
original-w3a4-dev-stress-20261004,all11,All,W3A4,awq-adapted,AWQ*,8,6,6,7,0.4115755627009646,1.1708737695475646,0.6922724385746584,0.2133745478790984,41.157556270096464,1.9292604501607746,82.79742765273312,2,1,2,0
original-w3a4-dev-stress-20261004,all11,All,W3A4,rtn,RTN,9,10,10,10,0.3922829581993569,1.8395179631756247,0.8614647210892836,0.3418900018988414,39.22829581993569,0.0,82.79742765273312,2,1,2,0
original-w3a4-dev-stress-20261004,all11,All,W3A4,gptq-blockdiag-adapted,GPTQ-block*,10,11,11,11,0.39067524115755625,1.8679578194116626,0.8682073370619208,0.3643610405472737,39.067524115755624,-0.1607717041800627,82.79742765273312,2,1,2,0
original-w3a4-dev-stress-20261004,all11,All,W3A4,spinquant-nohad-adapted,SpinQuant no-Had*,11,9,9,9,0.3890675241157556,1.5303675726179606,0.8007471123334708,0.2847075291433725,38.90675241157556,-0.3215434083601254,82.79742765273312,2,1,2,0
original-w3a4-dev-stress-20261004,all11,Kev,W3A4,s1q,S1Q (current),1,1,1,1,0.5209003215434084,1.029055148801734,0.597120460961869,0.13731974094392446,52.09003215434084,12.86173633440515,82.79742765273312,2,1,2,2
original-w3a4-dev-stress-20261004,all11,Kev,W3A4,s1q-joint,S1Q-Joint,2,2,2,2,0.4855305466237942,1.0335512647347294,0.6141345604243238,0.14292790923207943,48.55305466237942,9.324758842443732,82.79742765273312,2,1,2,0
original-w3a4-dev-stress-20261004,all11,Kev,W3A4,s1q-margin,S1Q-Margin,3,5,4,4,0.47266881028938906,1.1367836368710118,0.6470365147947892,0.16539981132267031,47.266881028938904,8.038585209003218,82.79742765273312,2,1,2,0
original-w3a4-dev-stress-20261004,all11,Kev,W3A4,s1q-ac,S1Q-AC,4,3,3,3,0.4646302250803859,1.0585059588388586,0.629143639365659,0.16018489101168498,46.463022508038584,7.234726688102899,82.79742765273312,2,1,2,0
original-w3a4-dev-stress-20261004,all11,Kev,W3A4,s1q2-beta05,S1Qv2,5,4,5,5,0.4437299035369775,1.1003416465987204,0.6627965759436321,0.19448901155467896,44.37299035369775,5.1446945337620615,82.79742765273312,2,1,2,0
original-w3a4-dev-stress-20261004,all11,Kev,W3A4,s1q-local,S1Qv1,6,7,7,6,0.4228295819935691,1.2002847144478337,0.7012610668589587,0.21255272877326625,42.28295819935691,3.0546623794212246,82.79742765273312,2,1,2,0
original-w3a4-dev-stress-20261004,all11,Kev,W3A4,spinquant-had-adapted,SpinQuant Had*,7,8,8,8,0.41800643086816724,1.452573190324798,0.7672946881935587,0.25924593539497476,41.80064308681673,2.5723472668810365,82.79742765273312,2,1,2,0
original-w3a4-dev-stress-20261004,all11,Kev,W3A4,awq-adapted,AWQ*,8,6,6,7,0.4115755627009646,1.1708737695475646,0.6922724385746584,0.2133745478790984,41.157556270096464,1.9292604501607746,82.79742765273312,2,1,2,0
original-w3a4-dev-stress-20261004,all11,Kev,W3A4,rtn,RTN,9,10,10,10,0.3922829581993569,1.8395179631756247,0.8614647210892836,0.3418900018988414,39.22829581993569,0.0,82.79742765273312,2,1,2,0
original-w3a4-dev-stress-20261004,all11,Kev,W3A4,gptq-blockdiag-adapted,GPTQ-block*,10,11,11,11,0.39067524115755625,1.8679578194116626,0.8682073370619208,0.3643610405472737,39.067524115755624,-0.1607717041800627,82.79742765273312,2,1,2,0
original-w3a4-dev-stress-20261004,all11,Kev,W3A4,spinquant-nohad-adapted,SpinQuant no-Had*,11,9,9,9,0.3890675241157556,1.5303675726179606,0.8007471123334708,0.2847075291433725,38.90675241157556,-0.3215434083601254,82.79742765273312,2,1,2,0
original-w3a4-dev-stress-20261004,s1q6,All,W3A4,s1q,S1Q (current),1,1,1,1,0.5209003215434084,1.029055148801734,0.597120460961869,0.13731974094392446,52.09003215434084,,82.79742765273312,2,1,2,2
original-w3a4-dev-stress-20261004,s1q6,All,W3A4,s1q-joint,S1Q-Joint,2,2,2,2,0.4855305466237942,1.0335512647347294,0.6141345604243238,0.14292790923207943,48.55305466237942,,82.79742765273312,2,1,2,0
original-w3a4-dev-stress-20261004,s1q6,All,W3A4,s1q-margin,S1Q-Margin,3,5,4,4,0.47266881028938906,1.1367836368710118,0.6470365147947892,0.16539981132267031,47.266881028938904,,82.79742765273312,2,1,2,0
original-w3a4-dev-stress-20261004,s1q6,All,W3A4,s1q-ac,S1Q-AC,4,3,3,3,0.4646302250803859,1.0585059588388586,0.629143639365659,0.16018489101168498,46.463022508038584,,82.79742765273312,2,1,2,0
original-w3a4-dev-stress-20261004,s1q6,All,W3A4,s1q2-beta05,S1Qv2,5,4,5,5,0.4437299035369775,1.1003416465987204,0.6627965759436321,0.19448901155467896,44.37299035369775,,82.79742765273312,2,1,2,0
original-w3a4-dev-stress-20261004,s1q6,All,W3A4,s1q-local,S1Qv1,6,6,6,6,0.4228295819935691,1.2002847144478337,0.7012610668589587,0.21255272877326625,42.28295819935691,,82.79742765273312,2,1,2,0
original-w3a4-dev-stress-20261004,s1q6,Kev,W3A4,s1q,S1Q (current),1,1,1,1,0.5209003215434084,1.029055148801734,0.597120460961869,0.13731974094392446,52.09003215434084,,82.79742765273312,2,1,2,2
original-w3a4-dev-stress-20261004,s1q6,Kev,W3A4,s1q-joint,S1Q-Joint,2,2,2,2,0.4855305466237942,1.0335512647347294,0.6141345604243238,0.14292790923207943,48.55305466237942,,82.79742765273312,2,1,2,0
original-w3a4-dev-stress-20261004,s1q6,Kev,W3A4,s1q-margin,S1Q-Margin,3,5,4,4,0.47266881028938906,1.1367836368710118,0.6470365147947892,0.16539981132267031,47.266881028938904,,82.79742765273312,2,1,2,0
original-w3a4-dev-stress-20261004,s1q6,Kev,W3A4,s1q-ac,S1Q-AC,4,3,3,3,0.4646302250803859,1.0585059588388586,0.629143639365659,0.16018489101168498,46.463022508038584,,82.79742765273312,2,1,2,0
original-w3a4-dev-stress-20261004,s1q6,Kev,W3A4,s1q2-beta05,S1Qv2,5,4,5,5,0.4437299035369775,1.1003416465987204,0.6627965759436321,0.19448901155467896,44.37299035369775,,82.79742765273312,2,1,2,0
original-w3a4-dev-stress-20261004,s1q6,Kev,W3A4,s1q-local,S1Qv1,6,6,6,6,0.4228295819935691,1.2002847144478337,0.7012610668589587,0.21255272877326625,42.28295819935691,,82.79742765273312,2,1,2,0
original-w4a4-threecohort-20261004,all11,All,W4A4,s1q,S1Q (current),1,1,1,3,0.42717662300409487,1.541256105214508,0.7060462367586231,0.17775754883533518,42.717662300409486,12.582604478705766,56.4167977803428,3,3,9,1
original-w4a4-threecohort-20261004,all11,All,W4A4,s1q-joint,S1Q-Joint,2,3,2,2,0.4249865164756644,1.5749020017240063,0.7081622904148932,0.1731835629302518,42.49865164756644,12.363593825862718,56.4167977803428,3,3,9,1
original-w4a4-threecohort-20261004,all11,All,W4A4,s1q-margin,S1Q-Margin,3,5,3,5,0.42225223809327506,1.5886852173140718,0.7138705477373561,0.1870612523459325,42.2252238093275,12.090165987623786,56.4167977803428,3,3,9,0
original-w4a4-threecohort-20261004,all11,All,W4A4,s1q-ac,S1Q-AC,4,2,4,4,0.4143829484087724,1.5679736514334934,0.7163755903211683,0.18353429362668924,41.43829484087724,11.303237019173517,56.4167977803428,3,3,9,0
original-w4a4-threecohort-20261004,all11,All,W4A4,spinquant-had-adapted,SpinQuant Had*,5,4,5,1,0.3983419559183225,1.5775220086658173,0.7245666686436785,0.15503688706561816,39.83419559183225,9.69913777012853,56.4167977803428,3,3,9,1
original-w4a4-threecohort-20261004,all11,All,W4A4,s1q-local,S1Qv1,6,8,6,6,0.3757484644241075,1.676173763555968,0.7497949763189551,0.18765351430593846,37.574846442410745,7.439788620707027,56.4167977803428,3,3,9,0
original-w4a4-threecohort-20261004,all11,All,W4A4,awq-adapted,AWQ*,7,7,8,8,0.3707087109292696,1.657002388614904,0.7535295369896902,0.1899161216893817,37.07087109292696,6.93581327122324,56.4167977803428,3,3,9,0
original-w4a4-threecohort-20261004,all11,All,W4A4,s1q2-beta05,S1Qv2,8,6,7,7,0.3629716442342045,1.6308084546955812,0.7514840921200082,0.18781220682140345,36.297164423420455,6.162106601716733,56.4167977803428,3,3,9,0
original-w4a4-threecohort-20261004,all11,All,W4A4,spinquant-nohad-adapted,SpinQuant no-Had*,9,9,9,9,0.3397508897408415,1.7675573391011463,0.8099365528410674,0.21577673102799713,33.97508897408415,3.84003115238043,56.4167977803428,3,3,9,0
original-w4a4-threecohort-20261004,all11,All,W4A4,rtn,RTN,10,11,11,10,0.3013505782170372,2.100060890969347,0.8869388069306918,0.27429684652902186,30.13505782170372,0.0,56.4167977803428,3,3,9,0
original-w4a4-threecohort-20261004,all11,All,W4A4,gptq-blockdiag-adapted,GPTQ-block*,11,10,10,11,0.29177856417356013,2.067208747067151,0.8863007015431138,0.27439325499056344,29.17785641735601,-0.9572014043477073,56.4167977803428,3,3,9,0
original-w4a4-threecohort-20261004,all11,Kev,W4A4,s1q-joint,S1Q-Joint,1,3,1,2,0.4421436033988787,1.5039795086229537,0.6846351221162603,0.15570652989352574,44.21436033988787,15.099266006746914,62.41801458968863,2,3,6,1
original-w4a4-threecohort-20261004,all11,Kev,W4A4,s1q,S1Q (current),2,1,3,3,0.43555095441022895,1.4928379232307656,0.6884652702812171,0.16923523493664183,43.55509544102289,14.440001107881939,62.41801458968863,2,3,6,1
original-w4a4-threecohort-20261004,all11,Kev,W4A4,s1q-margin,S1Q-Margin,3,2,2,4,0.43075061577623874,1.5000054531148044,0.6866789459452027,0.17528561884754323,43.07506157762388,13.959967244482918,62.41801458968863,2,3,6,0
original-w4a4-threecohort-20261004,all11,Kev,W4A4,s1q-ac,S1Q-AC,4,4,4,5,0.41956900601519775,1.5273931782759453,0.7017132379061601,0.18386545220714978,41.95690060151978,12.84180626837882,62.41801458968863,2,3,6,0
original-w4a4-threecohort-20261004,all11,Kev,W4A4,spinquant-had-adapted,SpinQuant Had*,5,5,5,1,0.3791890175406052,1.5376846495369758,0.7310190841224931,0.14710672813937364,37.91890175406052,8.803807420919563,62.41801458968863,2,3,6,0
original-w4a4-threecohort-20261004,all11,Kev,W4A4,s1q-local,S1Qv1,6,8,7,6,0.3694550616463297,1.6364365619921144,0.7523792930028208,0.1855074886723884,36.94550616463297,7.830411831492013,62.41801458968863,2,3,6,0
original-w4a4-threecohort-20261004,all11,Kev,W4A4,awq-adapted,AWQ*,7,7,8,8,0.3584772076909336,1.6123668561558095,0.7562054655249105,0.1967532839892946,35.847720769093364,6.732626435952405,62.41801458968863,2,3,6,0
original-w4a4-threecohort-20261004,all11,Kev,W4A4,s1q2-beta05,S1Qv2,8,6,6,7,0.35273565249951905,1.578164612990546,0.7480998532518366,0.18620236945547491,35.27356524995191,6.158470916810948,62.41801458968863,2,3,6,0
original-w4a4-threecohort-20261004,all11,Kev,W4A4,spinquant-nohad-adapted,SpinQuant no-Had*,9,9,9,9,0.30943410850715913,1.8313981697976205,0.8480102848365977,0.23190854214054407,30.943410850715914,1.8283165175749572,62.41801458968863,2,3,6,0
original-w4a4-threecohort-20261004,all11,Kev,W4A4,rtn,RTN,10,11,10,10,0.29115094333140956,2.302228709769675,0.9345171695689227,0.3162571419806671,29.115094333140956,0.0,62.41801458968863,2,3,6,0
original-w4a4-threecohort-20261004,all11,Kev,W4A4,gptq-blockdiag-adapted,GPTQ-block*,11,10,11,11,0.27926354192431363,2.2782134752937218,0.9347687099518404,0.32187755288334985,27.92635419243136,-1.1887401407095932,62.41801458968863,2,3,6,0
original-w4a4-threecohort-20261004,all11,Laya,W4A4,spinquant-had-adapted,SpinQuant Had*,1,5,1,1,0.4366478326737571,1.6571967269235004,0.7116618376860493,0.17089720491810717,43.66478326737571,11.489798468546459,44.414364161651136,1,3,3,1
original-w4a4-threecohort-20261004,all11,Laya,W4A4,s1q,S1Q (current),2,1,3,9,0.41042796019182676,1.6380924691819925,0.7412081697134351,0.1948021766327218,41.042796019182674,8.867811220353422,44.414364161651136,1,3,3,0
original-w4a4-threecohort-20261004,all11,Laya,W4A4,s1q-margin,S1Q-Margin,3,11,9,11,0.4052554827273477,1.7660447457126063,0.7682537513216632,0.21061251934271102,40.52554827273477,8.350563473905515,44.414364161651136,1,3,3,0
original-w4a4-threecohort-20261004,all11,Laya,W4A4,s1q-ac,S1Q-AC,4,4,5,4,0.4040108331959216,1.6491345977485896,0.7457002951511844,0.1828719764657682,40.40108331959216,8.226098520762909,44.414364161651136,1,3,3,0
original-w4a4-threecohort-20261004,all11,Laya,W4A4,spinquant-nohad-adapted,SpinQuant no-Had*,5,2,2,5,0.40038445220820623,1.639875677708198,0.7337890888500066,0.18351310880290328,40.03844522082062,7.86346042199137,44.414364161651136,1,3,3,0
original-w4a4-threecohort-20261004,all11,Laya,W4A4,awq-adapted,AWQ*,6,9,6,2,0.3951717174059417,1.7462734535330924,0.7481776799192494,0.17624179708955592,39.51717174059417,7.342186941764917,44.414364161651136,1,3,3,0
original-w4a4-threecohort-20261004,all11,Laya,W4A4,s1q-joint,S1Q-Joint,7,7,7,10,0.3906723426292357,1.7167469879261117,0.755216627012159,0.20813762900370394,39.06723426292357,6.892249464094319,44.414364161651136,1,3,3,0
original-w4a4-threecohort-20261004,all11,Laya,W4A4,s1q-local,S1Qv1,8,10,4,8,0.38833526997966306,1.7556481666836752,0.7446263429512237,0.19194556557303863,38.8335269979663,6.658542199137052,44.414364161651136,1,3,3,0
original-w4a4-threecohort-20261004,all11,Laya,W4A4,s1q2-beta05,S1Qv2,9,8,8,7,0.38344362770357543,1.7360961381056512,0.7582525698563515,0.1910318815532605,38.34436277035754,6.16937797152829,44.414364161651136,1,3,3,0
original-w4a4-threecohort-20261004,all11,Laya,W4A4,rtn,RTN,10,6,11,6,0.32174984798829254,1.6957252533686908,0.7917820816542301,0.19037625562573127,32.17498479882926,0.0,44.414364161651136,1,3,3,0
original-w4a4-threecohort-20261004,all11,Laya,W4A4,gptq-blockdiag-adapted,GPTQ-block*,11,3,10,3,0.3168086086720532,1.645199290614011,0.7893646847256607,0.17942465920499054,31.68086086720532,-0.4941239316239354,44.414364161651136,1,3,3,0
original-w4a4-threecohort-20261004,s1q6,All,W4A4,s1q,S1Q (current),1,1,1,2,0.44104173322546514,1.4962884815173483,0.688580598853408,0.173075954860204,44.104173322546515,,59.73828758382115,4,3,12,3
original-w4a4-threecohort-20261004,s1q6,All,W4A4,s1q-margin,S1Q-Margin,2,4,3,3,0.4330991215097425,1.5463917658564572,0.7015973173097764,0.17614750410477784,43.30991215097425,,59.73828758382115,4,3,12,0
original-w4a4-threecohort-20261004,s1q6,All,W4A4,s1q-joint,S1Q-Joint,3,3,2,1,0.42959584746097507,1.5360528648619718,0.6991785268671588,0.1722283365454968,42.959584746097505,,59.73828758382115,4,3,12,1
original-w4a4-threecohort-20261004,s1q6,All,W4A4,s1q-ac,S1Q-AC,4,2,4,4,0.42499362860533985,1.5258003157904079,0.7034937323289561,0.17929799945144864,42.499362860533985,,59.73828758382115,4,3,12,0
original-w4a4-threecohort-20261004,s1q6,All,W4A4,s1q-local,S1Qv1,5,6,5,5,0.3518797814981999,1.7160579320120015,0.7779717307470546,0.20571649752324522,35.18797814981999,,59.73828758382115,4,3,12,0
original-w4a4-threecohort-20261004,s1q6,All,W4A4,s1q2-beta05,S1Qv2,6,5,6,6,0.3408491367538544,1.6972449325562948,0.7827886232195973,0.2079959144889834,34.084913675385444,,59.73828758382115,4,3,12,0
original-w4a4-threecohort-20261004,s1q6,Kev,W4A4,s1q,S1Q (current),1,1,1,3,0.45124632423667793,1.4490204856291335,0.6710380752333991,0.1658338809360314,45.12463242366779,,64.84626205787781,3,3,9,2
original-w4a4-threecohort-20261004,s1q6,Kev,W4A4,s1q-joint,S1Q-Joint,2,3,3,1,0.44257034907155485,1.4758214905072586,0.6804991601521587,0.1602585723927611,44.257034907155486,,64.84626205787781,3,3,9,1
original-w4a4-threecohort-20261004,s1q6,Kev,W4A4,s1q-margin,S1Q-Margin,3,2,2,2,0.4423803344372074,1.4731741059044074,0.6793785059724807,0.16465916569213346,44.238033443720745,,64.84626205787781,3,3,9,0
original-w4a4-threecohort-20261004,s1q6,Kev,W4A4,s1q-ac,S1Q-AC,4,4,4,4,0.43198789374181257,1.484688888471014,0.68942487805488,0.1781066737800088,43.19878937418126,,64.84626205787781,3,3,9,0
original-w4a4-threecohort-20261004,s1q6,Kev,W4A4,s1q-local,S1Qv1,5,6,5,5,0.33972795200437883,1.7028611871214436,0.7890868600123315,0.21030680817331407,33.972795200437886,,64.84626205787781,3,3,9,0
original-w4a4-threecohort-20261004,s1q6,Kev,W4A4,s1q2-beta05,S1Qv2,6,5,6,6,0.32665097310394736,1.6842945307065094,0.7909673076740126,0.2136505921342244,32.665097310394735,,64.84626205787781,3,3,9,0
original-w4a4-threecohort-20261004,s1q6,Laya,W4A4,s1q,S1Q (current),1,1,1,4,0.41042796019182676,1.6380924691819925,0.7412081697134351,0.1948021766327218,41.042796019182674,,44.414364161651136,1,3,3,1
original-w4a4-threecohort-20261004,s1q6,Laya,W4A4,s1q-margin,S1Q-Margin,2,6,6,6,0.4052554827273477,1.7660447457126063,0.7682537513216632,0.21061251934271102,40.52554827273477,,44.414364161651136,1,3,3,0
original-w4a4-threecohort-20261004,s1q6,Laya,W4A4,s1q-ac,S1Q-AC,3,2,3,1,0.4040108331959216,1.6491345977485896,0.7457002951511844,0.1828719764657682,40.40108331959216,,44.414364161651136,1,3,3,0
original-w4a4-threecohort-20261004,s1q6,Laya,W4A4,s1q-joint,S1Q-Joint,4,3,4,5,0.3906723426292357,1.7167469879261117,0.755216627012159,0.20813762900370394,39.06723426292357,,44.414364161651136,1,3,3,0
original-w4a4-threecohort-20261004,s1q6,Laya,W4A4,s1q-local,S1Qv1,5,5,2,3,0.38833526997966306,1.7556481666836752,0.7446263429512237,0.19194556557303863,38.8335269979663,,44.414364161651136,1,3,3,0
original-w4a4-threecohort-20261004,s1q6,Laya,W4A4,s1q2-beta05,S1Qv2,6,4,5,2,0.38344362770357543,1.7360961381056512,0.7582525698563515,0.1910318815532605,38.34436277035754,,44.414364161651136,1,3,3,0
