run,model,study_stage,split,method,selected,matched_rtn,stage,label_kind,n,accuracy,macro_source_accuracy,nll,brier,ece_15,score_mae
kev-0.8b-external-v2,kev-0.8b,external fixed-profile authored cohort,external_test,native,False,False,raw,all,85,0.7647058823529411,0.7328042328042328,0.6336005692383399,0.352803588170305,0.10907341211606698,0.3960246268802418
kev-0.8b-external-v2,kev-0.8b,external fixed-profile authored cohort,external_test,native,False,False,temperature_calibrated,all,85,0.7647058823529411,0.7328042328042328,0.6828584903173753,0.39399456667712063,0.20328765949868582,0.4609677260382248
kev-0.8b-external-v2,kev-0.8b,external fixed-profile authored cohort,external_test,native,False,False,raw,authored_scenario_gold,85,0.7647058823529411,0.7328042328042328,0.6336005692383399,0.352803588170305,0.10907341211606698,0.3960246268802418
kev-0.8b-external-v2,kev-0.8b,external fixed-profile authored cohort,external_test,s1q-fisher,True,False,raw,all,85,0.7647058823529411,0.7605820105820107,0.7654433837814619,0.39063388870177995,0.12714733722978472,0.382782529941289
kev-0.8b-external-v2,kev-0.8b,external fixed-profile authored cohort,external_test,s1q-fisher,True,False,temperature_calibrated,all,85,0.7647058823529411,0.7605820105820107,0.7133937078395503,0.41402685056803734,0.18860724358218983,0.4296647151069483
kev-0.8b-external-v2,kev-0.8b,external fixed-profile authored cohort,external_test,s1q-fisher,True,False,raw,authored_scenario_gold,85,0.7647058823529411,0.7605820105820107,0.7654433837814619,0.39063388870177995,0.12714733722978472,0.382782529941289
kev-0.8b-external-v2,kev-0.8b,external fixed-profile authored cohort,external_test,rtn-matched,False,True,raw,all,85,0.7294117647058823,0.7050264550264549,0.7038751821104565,0.4102579477899616,0.10756095547448394,0.4449807441581361
kev-0.8b-external-v2,kev-0.8b,external fixed-profile authored cohort,external_test,rtn-matched,False,True,temperature_calibrated,all,85,0.7294117647058823,0.7050264550264549,0.7505921772586596,0.4458568731987207,0.2105853550210413,0.4904572476020526
kev-0.8b-external-v2,kev-0.8b,external fixed-profile authored cohort,external_test,rtn-matched,False,True,raw,authored_scenario_gold,85,0.7294117647058823,0.7050264550264549,0.7038751821104565,0.4102579477899616,0.10756095547448394,0.4449807441581361
kev-0.8b-pilot-v1,kev-0.8b,exploratory pilot,test,native,False,False,raw,all,331,0.8308157099697885,0.8404945054945054,0.648891716502155,0.2792319403237401,0.10283639788270875,0.5608875303969519
kev-0.8b-pilot-v1,kev-0.8b,exploratory pilot,test,native,False,False,temperature_calibrated,all,331,0.8308157099697885,0.8404945054945054,0.4769772161083247,0.2583743950006204,0.06612921093361039,0.5701778647619312
kev-0.8b-pilot-v1,kev-0.8b,exploratory pilot,transfer_test,native,False,False,raw,all,256,0.6875,0.6828512396694215,0.6919066688579304,0.42125733061639736,0.1287834024904934,0.63094164301931
kev-0.8b-pilot-v1,kev-0.8b,exploratory pilot,transfer_test,native,False,False,temperature_calibrated,all,256,0.6875,0.6828512396694215,0.6759871995556014,0.41614663432785354,0.10581563386744877,0.6852648485938941
kev-0.8b-pilot-v1,kev-0.8b,exploratory pilot,test,rtn,False,False,raw,all,331,0.797583081570997,0.8077884615384615,0.6804013197258703,0.3181264958380814,0.12747293328625117,0.5842286147022173
kev-0.8b-pilot-v1,kev-0.8b,exploratory pilot,test,rtn,False,False,temperature_calibrated,all,331,0.797583081570997,0.8077884615384615,0.5258906461899073,0.29012573324399055,0.030859259664452528,0.5818630177201828
kev-0.8b-pilot-v1,kev-0.8b,exploratory pilot,transfer_test,rtn,False,False,raw,all,256,0.70703125,0.6953955135773318,0.6952332584126962,0.4081433233590536,0.1128485017459287,0.631383586744204
kev-0.8b-pilot-v1,kev-0.8b,exploratory pilot,transfer_test,rtn,False,False,temperature_calibrated,all,256,0.70703125,0.6953955135773318,0.6957518449929552,0.4275553745863465,0.134916985300747,0.6616341796631234
kev-0.8b-pilot-v1,kev-0.8b,exploratory pilot,test,s1q-local,False,False,raw,all,331,0.8187311178247734,0.8257417582417582,0.6845208387242789,0.2991186073364837,0.1322073977112146,0.553388681626642
kev-0.8b-pilot-v1,kev-0.8b,exploratory pilot,test,s1q-local,False,False,temperature_calibrated,all,331,0.8187311178247734,0.8257417582417582,0.4886777389686043,0.26784217539127286,0.04792294081813897,0.5544895832653135
kev-0.8b-pilot-v1,kev-0.8b,exploratory pilot,transfer_test,s1q-local,False,False,raw,all,256,0.69921875,0.6923947264856355,0.6963313180581614,0.4246875422595245,0.10698751225404322,0.5393882543011123
kev-0.8b-pilot-v1,kev-0.8b,exploratory pilot,transfer_test,s1q-local,False,False,temperature_calibrated,all,256,0.69921875,0.6923947264856355,0.6775809079907564,0.4198894937914679,0.10799464626158412,0.5979606836728211
kev-0.8b-pilot-v1,kev-0.8b,exploratory pilot,test,s1q-protected,True,False,raw,all,331,0.8187311178247734,0.8257417582417582,0.6802866075818496,0.29423043928010334,0.12043855480495694,0.5437812264401368
kev-0.8b-pilot-v1,kev-0.8b,exploratory pilot,test,s1q-protected,True,False,temperature_calibrated,all,331,0.8187311178247734,0.8257417582417582,0.48724749638121323,0.2656351638330154,0.061146269194783644,0.555062877775771
kev-0.8b-pilot-v1,kev-0.8b,exploratory pilot,transfer_test,s1q-protected,True,False,raw,all,256,0.71484375,0.7061196379378198,0.6780216096916372,0.4123753706716051,0.1228216336821236,0.5469302638614423
kev-0.8b-pilot-v1,kev-0.8b,exploratory pilot,transfer_test,s1q-protected,True,False,temperature_calibrated,all,256,0.71484375,0.7061196379378198,0.6721969329873883,0.4139341863826854,0.12680038423784953,0.6053647752340506
kev-0.8b-pilot-v1,kev-0.8b,exploratory pilot,test,rtn-matched,False,True,raw,all,331,0.8157099697885196,0.8248214285714285,0.6635127479877033,0.30620484504978707,0.1212465376920884,0.5545055207553578
kev-0.8b-pilot-v1,kev-0.8b,exploratory pilot,test,rtn-matched,False,True,temperature_calibrated,all,331,0.8157099697885196,0.8248214285714285,0.5073622913504747,0.2800165458474797,0.056467846427223446,0.5597667440735453
kev-0.8b-pilot-v1,kev-0.8b,exploratory pilot,transfer_test,rtn-matched,False,True,raw,all,256,0.69921875,0.6918290043290044,0.7129300667277141,0.41710271364254004,0.11286055013621843,0.6599443127977233
kev-0.8b-pilot-v1,kev-0.8b,exploratory pilot,transfer_test,rtn-matched,False,True,temperature_calibrated,all,256,0.69921875,0.6918290043290044,0.6929043587247046,0.42547960806364493,0.1083265860399399,0.6907375992255523
kev-0.8b-validation-v2,kev-0.8b,expanded search after inspected pilot; exploratory,test,native,False,False,raw,all,914,0.8293216630196937,0.8382114546643111,0.63098356350407,0.2756498455366461,0.10693733517578133,0.5643224263330863
kev-0.8b-validation-v2,kev-0.8b,expanded search after inspected pilot; exploratory,test,native,False,False,temperature_calibrated,all,914,0.8293216630196937,0.8382114546643111,0.4750177175213886,0.25265928071196175,0.03511280972543064,0.5783752767089276
kev-0.8b-validation-v2,kev-0.8b,expanded search after inspected pilot; exploratory,transfer_test,native,False,False,raw,all,630,0.6825396825396826,0.6793758480325646,0.7497282836455571,0.424734005079003,0.11595404173902975,0.621919663027718
kev-0.8b-validation-v2,kev-0.8b,expanded search after inspected pilot; exploratory,transfer_test,native,False,False,temperature_calibrated,all,630,0.6825396825396826,0.6793758480325646,0.720119826626467,0.4246281536304155,0.08776907331514808,0.6379011100292499
kev-0.8b-validation-v2,kev-0.8b,expanded search after inspected pilot; exploratory,test,rtn,False,True,raw,all,914,0.8063457330415755,0.815429152916514,0.6416068212093351,0.30187660816695927,0.11947885280343074,0.5921332822747026
kev-0.8b-validation-v2,kev-0.8b,expanded search after inspected pilot; exploratory,test,rtn,False,True,temperature_calibrated,all,914,0.8063457330415755,0.815429152916514,0.5266451840288973,0.28254870097529355,0.02524770079922256,0.5976610573560034
kev-0.8b-validation-v2,kev-0.8b,expanded search after inspected pilot; exploratory,transfer_test,rtn,False,True,raw,all,630,0.6825396825396826,0.6911210990502036,0.7671930938605107,0.428752337527486,0.10027950673122868,0.611112300343134
kev-0.8b-validation-v2,kev-0.8b,expanded search after inspected pilot; exploratory,transfer_test,rtn,False,True,temperature_calibrated,all,630,0.6825396825396826,0.6911210990502036,0.7469323918264036,0.43974896115348927,0.10086760891087267,0.6214102892765584
kev-0.8b-validation-v2,kev-0.8b,expanded search after inspected pilot; exploratory,test,s1q-local,False,False,raw,all,914,0.8150984682713348,0.8237376132882959,0.6759304966692475,0.29446901854486013,0.11659128760907711,0.5627222867019152
kev-0.8b-validation-v2,kev-0.8b,expanded search after inspected pilot; exploratory,test,s1q-local,False,False,temperature_calibrated,all,914,0.8150984682713348,0.8237376132882959,0.5015776076974583,0.2707649386845428,0.026829113999893732,0.5700218446831347
kev-0.8b-validation-v2,kev-0.8b,expanded search after inspected pilot; exploratory,transfer_test,s1q-local,False,False,raw,all,630,0.665079365079365,0.6538415875169608,0.7887930385740926,0.4498664100986218,0.12701224551336046,0.5744857348063407
kev-0.8b-validation-v2,kev-0.8b,expanded search after inspected pilot; exploratory,transfer_test,s1q-local,False,False,temperature_calibrated,all,630,0.665079365079365,0.6538415875169608,0.7457736545626302,0.4446652092146828,0.07938514850091033,0.5903400639099095
kev-0.8b-validation-v2,kev-0.8b,expanded search after inspected pilot; exploratory,test,s1q-fisher,True,False,raw,all,914,0.811816192560175,0.8223983275740102,0.6842539063270043,0.29501605461624447,0.12142246598643974,0.5705220614908367
kev-0.8b-validation-v2,kev-0.8b,expanded search after inspected pilot; exploratory,test,s1q-fisher,True,False,temperature_calibrated,all,914,0.811816192560175,0.8223983275740102,0.4999750218222367,0.2708546813716448,0.02906637973613358,0.5790742252132149
kev-0.8b-validation-v2,kev-0.8b,expanded search after inspected pilot; exploratory,transfer_test,s1q-fisher,True,False,raw,all,630,0.6587301587301587,0.6481597693351425,0.8127755747441768,0.46046996926409894,0.1342884969979618,0.6174224384814753
kev-0.8b-validation-v2,kev-0.8b,expanded search after inspected pilot; exploratory,transfer_test,s1q-fisher,True,False,temperature_calibrated,all,630,0.6587301587301587,0.6481597693351425,0.751108991433142,0.44884397041131613,0.08774203662236212,0.6312530240071699
kev-4b-external-v2,kev-4b,external fixed-profile authored cohort,external_test,native,False,False,raw,all,85,0.8823529411764706,0.8531746031746031,0.387552113237666,0.20776537357528801,0.08714482322779377,0.018493537975943494
kev-4b-external-v2,kev-4b,external fixed-profile authored cohort,external_test,native,False,False,temperature_calibrated,all,85,0.8823529411764706,0.8531746031746031,0.44567917465471807,0.2479680104525527,0.18013588712186518,0.11105846365025605
kev-4b-external-v2,kev-4b,external fixed-profile authored cohort,external_test,native,False,False,raw,authored_scenario_gold,85,0.8823529411764706,0.8531746031746031,0.387552113237666,0.20776537357528801,0.08714482322779377,0.018493537975943494
kev-4b-external-v2,kev-4b,external fixed-profile authored cohort,external_test,s1q-local,True,False,raw,all,85,0.8470588235294118,0.7976190476190476,0.40880727047120036,0.21191877589222957,0.09271000396174045,0.03556465395619255
kev-4b-external-v2,kev-4b,external fixed-profile authored cohort,external_test,s1q-local,True,False,temperature_calibrated,all,85,0.8470588235294118,0.7976190476190476,0.4383105692479577,0.24244895534762892,0.10952312752153474,0.12162781305826648
kev-4b-external-v2,kev-4b,external fixed-profile authored cohort,external_test,s1q-local,True,False,raw,authored_scenario_gold,85,0.8470588235294118,0.7976190476190476,0.40880727047120036,0.21191877589222957,0.09271000396174045,0.03556465395619255
kev-4b-external-v2,kev-4b,external fixed-profile authored cohort,external_test,rtn-matched,False,True,raw,all,85,0.8470588235294118,0.7698412698412699,0.39279898548506176,0.22451393050943902,0.08587487602362906,0.038137907373679954
kev-4b-external-v2,kev-4b,external fixed-profile authored cohort,external_test,rtn-matched,False,True,temperature_calibrated,all,85,0.8470588235294118,0.7698412698412699,0.47813865559856555,0.2641218924154104,0.15963172663291894,0.12055999927957257
kev-4b-external-v2,kev-4b,external fixed-profile authored cohort,external_test,rtn-matched,False,True,raw,authored_scenario_gold,85,0.8470588235294118,0.7698412698412699,0.39279898548506176,0.22451393050943902,0.08587487602362906,0.038137907373679954
kev-4b-validation-v1,kev-4b,expanded validation; exploratory,test,native,False,False,raw,all,914,0.8544857768052516,0.859325149909073,0.529684583618878,0.22589183199310242,0.09120429251124844,0.47397212527310967
kev-4b-validation-v1,kev-4b,expanded validation; exploratory,test,native,False,False,temperature_calibrated,all,914,0.8544857768052516,0.859325149909073,0.3736140303072079,0.19871010663396518,0.033932285665841465,0.5013572852619391
kev-4b-validation-v1,kev-4b,expanded validation; exploratory,transfer_test,native,False,False,raw,all,630,0.8396825396825397,0.8497879918588874,0.5751683471659463,0.2425955492774156,0.08397148888434654,0.21968013872116968
kev-4b-validation-v1,kev-4b,expanded validation; exploratory,transfer_test,native,False,False,temperature_calibrated,all,630,0.8396825396825397,0.8497879918588874,0.4237939070134886,0.2307974408074856,0.03764184698432002,0.23181566318657806
kev-4b-validation-v1,kev-4b,expanded validation; exploratory,test,rtn,False,True,raw,all,914,0.8479212253829321,0.8562195598469612,0.5442367562598214,0.23089624726020472,0.08809446427351109,0.4997573754003746
kev-4b-validation-v1,kev-4b,expanded validation; exploratory,test,rtn,False,True,temperature_calibrated,all,914,0.8479212253829321,0.8562195598469612,0.40276195769106804,0.21181609370888047,0.02023186133493447,0.514483515379137
kev-4b-validation-v1,kev-4b,expanded validation; exploratory,transfer_test,rtn,False,True,raw,all,630,0.8317460317460318,0.8445810719131615,0.6044421564947002,0.25901039434996775,0.08637651809513516,0.20826775174367934
kev-4b-validation-v1,kev-4b,expanded validation; exploratory,transfer_test,rtn,False,True,temperature_calibrated,all,630,0.8317460317460318,0.8445810719131615,0.45635585259761136,0.24818247870466345,0.052397824027546724,0.2409429670654956
kev-4b-validation-v1,kev-4b,expanded validation; exploratory,test,s1q-local,True,False,raw,all,914,0.8479212253829321,0.8511648509057508,0.559894462240226,0.24060065235898892,0.09767171081295586,0.48802808190799096
kev-4b-validation-v1,kev-4b,expanded validation; exploratory,test,s1q-local,True,False,temperature_calibrated,all,914,0.8479212253829321,0.8511648509057508,0.39036695229080637,0.21110952428254423,0.026404453221678503,0.5080590315097145
kev-4b-validation-v1,kev-4b,expanded validation; exploratory,transfer_test,s1q-local,True,False,raw,all,630,0.8523809523809524,0.8659514925373134,0.5380558606405146,0.23134333564688758,0.07324786931376433,0.14310279219456395
kev-4b-validation-v1,kev-4b,expanded validation; exploratory,transfer_test,s1q-local,True,False,temperature_calibrated,all,630,0.8523809523809524,0.8659514925373134,0.41823462305929643,0.22326125844900455,0.05870814882900016,0.19219439757178397
kev-4b-validation-v2,kev-4b,expanded search after inspected pilot; exploratory,test,native,False,False,raw,all,914,0.8544857768052516,0.859325149909073,0.529684583618878,0.22589183199310242,0.09120429251124844,0.47397212527310967
kev-4b-validation-v2,kev-4b,expanded search after inspected pilot; exploratory,test,native,False,False,temperature_calibrated,all,914,0.8544857768052516,0.859325149909073,0.3736140303072079,0.19871010663396518,0.033932285665841465,0.5013572852619391
kev-4b-validation-v2,kev-4b,expanded search after inspected pilot; exploratory,transfer_test,native,False,False,raw,all,630,0.8396825396825397,0.8497879918588874,0.5751683471659463,0.2425955492774156,0.08397148888434654,0.21968013872116968
kev-4b-validation-v2,kev-4b,expanded search after inspected pilot; exploratory,transfer_test,native,False,False,temperature_calibrated,all,630,0.8396825396825397,0.8497879918588874,0.4237939070134886,0.2307974408074856,0.03764184698432002,0.23181566318657806
kev-4b-validation-v2,kev-4b,expanded search after inspected pilot; exploratory,test,rtn,False,True,raw,all,914,0.8479212253829321,0.8562195598469612,0.5442367562598214,0.23089624726020472,0.08809446427351109,0.4997573754003746
kev-4b-validation-v2,kev-4b,expanded search after inspected pilot; exploratory,test,rtn,False,True,temperature_calibrated,all,914,0.8479212253829321,0.8562195598469612,0.40276195769106804,0.21181609370888047,0.02023186133493447,0.514483515379137
kev-4b-validation-v2,kev-4b,expanded search after inspected pilot; exploratory,transfer_test,rtn,False,True,raw,all,630,0.8317460317460318,0.8445810719131615,0.6044421564947002,0.25901039434996775,0.08637651809513516,0.20826775174367934
kev-4b-validation-v2,kev-4b,expanded search after inspected pilot; exploratory,transfer_test,rtn,False,True,temperature_calibrated,all,630,0.8317460317460318,0.8445810719131615,0.45635585259761136,0.24818247870466345,0.052397824027546724,0.2409429670654956
kev-4b-validation-v2,kev-4b,expanded search after inspected pilot; exploratory,test,s1q-local,True,False,raw,all,914,0.8479212253829321,0.8511648509057508,0.559894462240226,0.24060065235898892,0.09767171081295586,0.48802808190799096
kev-4b-validation-v2,kev-4b,expanded search after inspected pilot; exploratory,test,s1q-local,True,False,temperature_calibrated,all,914,0.8479212253829321,0.8511648509057508,0.39036695229080637,0.21110952428254423,0.026404453221678503,0.5080590315097145
kev-4b-validation-v2,kev-4b,expanded search after inspected pilot; exploratory,transfer_test,s1q-local,True,False,raw,all,630,0.8523809523809524,0.8659514925373134,0.5380558606405146,0.23134333564688758,0.07324786931376433,0.14310279219456395
kev-4b-validation-v2,kev-4b,expanded search after inspected pilot; exploratory,transfer_test,s1q-local,True,False,temperature_calibrated,all,630,0.8523809523809524,0.8659514925373134,0.41823462305929643,0.22326125844900455,0.05870814882900016,0.19219439757178397
kev-9b-external-v2,kev-9b,external fixed-profile authored cohort,external_test,native,False,False,raw,all,85,0.8352941176470589,0.7605820105820106,0.6624137047645274,0.22762729362973752,0.11733004286103585,0.01604071253194816
kev-9b-external-v2,kev-9b,external fixed-profile authored cohort,external_test,native,False,False,temperature_calibrated,all,85,0.8352941176470589,0.7605820105820106,0.4673326517264948,0.2372247108750698,0.11545318118110098,0.05873784907505237
kev-9b-external-v2,kev-9b,external fixed-profile authored cohort,external_test,native,False,False,raw,authored_scenario_gold,85,0.8352941176470589,0.7605820105820106,0.6624137047645274,0.22762729362973752,0.11733004286103585,0.01604071253194816
kev-9b-external-v2,kev-9b,external fixed-profile authored cohort,external_test,s1q-a8,True,False,raw,all,85,0.8470588235294118,0.7698412698412699,0.6822022122209316,0.23949608261943028,0.10559341108990825,0.031224554082893253
kev-9b-external-v2,kev-9b,external fixed-profile authored cohort,external_test,s1q-a8,True,False,temperature_calibrated,all,85,0.8470588235294118,0.7698412698412699,0.4875979669783693,0.2500851317666073,0.10040335579434642,0.09586475499854809
kev-9b-external-v2,kev-9b,external fixed-profile authored cohort,external_test,s1q-a8,True,False,raw,authored_scenario_gold,85,0.8470588235294118,0.7698412698412699,0.6822022122209316,0.23949608261943028,0.10559341108990825,0.031224554082893253
kev-9b-external-v2,kev-9b,external fixed-profile authored cohort,external_test,rtn-matched,False,True,raw,all,85,0.8823529411764706,0.8253968253968254,0.6995077816286039,0.22276956971819728,0.11420101683110444,0.03531306673442745
kev-9b-external-v2,kev-9b,external fixed-profile authored cohort,external_test,rtn-matched,False,True,temperature_calibrated,all,85,0.8823529411764706,0.8253968253968254,0.4910034888512416,0.2579512452802516,0.16779331260299662,0.09921510360150111
kev-9b-external-v2,kev-9b,external fixed-profile authored cohort,external_test,rtn-matched,False,True,raw,authored_scenario_gold,85,0.8823529411764706,0.8253968253968254,0.6995077816286039,0.22276956971819728,0.11420101683110444,0.03531306673442745
kev-9b-validation-v1,kev-9b,expanded validation; exploratory,test,native,False,False,raw,all,914,0.8698030634573304,0.878576498072201,0.5001691641840625,0.20960731465643373,0.07910768182743529,0.45046973487059144
kev-9b-validation-v1,kev-9b,expanded validation; exploratory,test,native,False,False,temperature_calibrated,all,914,0.8698030634573304,0.878576498072201,0.3687783038896279,0.19173243494965989,0.039247261587364746,0.4723855107166476
kev-9b-validation-v1,kev-9b,expanded validation; exploratory,transfer_test,native,False,False,raw,all,630,0.8523809523809524,0.856351763907734,0.5724550144369998,0.2393981044386192,0.09363653796753099,0.16912781039952557
kev-9b-validation-v1,kev-9b,expanded validation; exploratory,transfer_test,native,False,False,temperature_calibrated,all,630,0.8523809523809524,0.856351763907734,0.4426117772382555,0.23238287211422115,0.06764738863436401,0.21364581942060962
kev-9b-validation-v1,kev-9b,expanded validation; exploratory,test,rtn,False,False,raw,all,914,0.8599562363238512,0.8651464761645499,0.5328481748831599,0.22155280261997753,0.07777029994538606,0.4868067702341009
kev-9b-validation-v1,kev-9b,expanded validation; exploratory,test,rtn,False,False,temperature_calibrated,all,914,0.8599562363238512,0.8651464761645499,0.40442673411114,0.2091635029409345,0.041190251171759285,0.4982433688970357
kev-9b-validation-v1,kev-9b,expanded validation; exploratory,transfer_test,rtn,False,False,raw,all,630,0.8492063492063492,0.8478290366350069,0.6630499018510705,0.2557616831708837,0.09634306331832271,0.29869839602198517
kev-9b-validation-v1,kev-9b,expanded validation; exploratory,transfer_test,rtn,False,False,temperature_calibrated,all,630,0.8492063492063492,0.8478290366350069,0.488770552463306,0.2561650368657309,0.07567306155124345,0.3190586366984056
kev-9b-validation-v1,kev-9b,expanded validation; exploratory,test,s1q-local,False,False,raw,all,914,0.8665207877461707,0.8742545519024285,0.5241277973837888,0.21767625184026912,0.08238286755215363,0.4674793761222972
kev-9b-validation-v1,kev-9b,expanded validation; exploratory,test,s1q-local,False,False,temperature_calibrated,all,914,0.8665207877461707,0.8742545519024285,0.3808792952526502,0.20036572421264914,0.033136418921180674,0.483247336083093
kev-9b-validation-v1,kev-9b,expanded validation; exploratory,transfer_test,s1q-local,False,False,raw,all,630,0.8492063492063492,0.8502289687924016,0.5940806377207315,0.24870610129581003,0.09186893518514028,0.1659337874012822
kev-9b-validation-v1,kev-9b,expanded validation; exploratory,transfer_test,s1q-local,False,False,temperature_calibrated,all,630,0.8492063492063492,0.8502289687924016,0.45564101256323625,0.24136819795933043,0.07022145978898273,0.196452129709142
kev-9b-validation-v1,kev-9b,expanded validation; exploratory,test,s1q-a8,True,False,raw,all,914,0.8654266958424508,0.8756115924436197,0.5354798276580749,0.22082827854713796,0.08047404718030743,0.4679706271162078
kev-9b-validation-v1,kev-9b,expanded validation; exploratory,test,s1q-a8,True,False,temperature_calibrated,all,914,0.8654266958424508,0.8756115924436197,0.38250520182131287,0.20270163602725652,0.0169022481436526,0.4832070987558093
kev-9b-validation-v1,kev-9b,expanded validation; exploratory,transfer_test,s1q-a8,True,False,raw,all,630,0.8428571428571429,0.8492198100407056,0.5973922401771303,0.2504712560876582,0.09274778695494473,0.18208651083422583
kev-9b-validation-v1,kev-9b,expanded validation; exploratory,transfer_test,s1q-a8,True,False,temperature_calibrated,all,630,0.8428571428571429,0.8492198100407056,0.4573363940577023,0.24223404758990588,0.0564427119861598,0.211789813707124
kev-9b-validation-v1,kev-9b,expanded validation; exploratory,test,rtn-matched,False,True,raw,all,914,0.8435448577680525,0.85121977049745,0.5327587154360257,0.230387287014704,0.09127851394461149,0.48720450363796475
kev-9b-validation-v1,kev-9b,expanded validation; exploratory,test,rtn-matched,False,True,temperature_calibrated,all,914,0.8435448577680525,0.85121977049745,0.409304841261885,0.2141045959663574,0.030424898963877123,0.49795429702335786
kev-9b-validation-v1,kev-9b,expanded validation; exploratory,transfer_test,rtn-matched,False,True,raw,all,630,0.8444444444444444,0.8424949118046132,0.6336121562235596,0.2556933496310045,0.09300829576117248,0.3353131574304892
kev-9b-validation-v1,kev-9b,expanded validation; exploratory,transfer_test,rtn-matched,False,True,temperature_calibrated,all,630,0.8444444444444444,0.8424949118046132,0.4855219017496564,0.2583255576858281,0.06933294930861465,0.3581985863334291
kev-9b-validation-v2,kev-9b,expanded search after inspected pilot; exploratory,test,native,False,False,raw,all,914,0.8698030634573304,0.878576498072201,0.5001691641840625,0.20960731465643373,0.07910768182743529,0.45046973487059144
kev-9b-validation-v2,kev-9b,expanded search after inspected pilot; exploratory,test,native,False,False,temperature_calibrated,all,914,0.8698030634573304,0.878576498072201,0.3687783038896279,0.19173243494965989,0.039247261587364746,0.4723855107166476
kev-9b-validation-v2,kev-9b,expanded search after inspected pilot; exploratory,transfer_test,native,False,False,raw,all,630,0.8523809523809524,0.856351763907734,0.5724550144369998,0.2393981044386192,0.09363653796753099,0.16912781039952557
kev-9b-validation-v2,kev-9b,expanded search after inspected pilot; exploratory,transfer_test,native,False,False,temperature_calibrated,all,630,0.8523809523809524,0.856351763907734,0.4426117772382555,0.23238287211422115,0.06764738863436401,0.21364581942060962
kev-9b-validation-v2,kev-9b,expanded search after inspected pilot; exploratory,test,rtn,False,False,raw,all,914,0.8599562363238512,0.8651464761645499,0.5328481748831599,0.22155280261997753,0.07777029994538606,0.4868067702341009
kev-9b-validation-v2,kev-9b,expanded search after inspected pilot; exploratory,test,rtn,False,False,temperature_calibrated,all,914,0.8599562363238512,0.8651464761645499,0.40442673411114,0.2091635029409345,0.041190251171759285,0.4982433688970357
kev-9b-validation-v2,kev-9b,expanded search after inspected pilot; exploratory,transfer_test,rtn,False,False,raw,all,630,0.8492063492063492,0.8478290366350069,0.6630499018510705,0.2557616831708837,0.09634306331832271,0.29869839602198517
kev-9b-validation-v2,kev-9b,expanded search after inspected pilot; exploratory,transfer_test,rtn,False,False,temperature_calibrated,all,630,0.8492063492063492,0.8478290366350069,0.488770552463306,0.2561650368657309,0.07567306155124345,0.3190586366984056
kev-9b-validation-v2,kev-9b,expanded search after inspected pilot; exploratory,test,s1q-local,False,False,raw,all,914,0.8665207877461707,0.8742545519024285,0.5241277973837888,0.21767625184026912,0.08238286755215363,0.4674793761222972
kev-9b-validation-v2,kev-9b,expanded search after inspected pilot; exploratory,test,s1q-local,False,False,temperature_calibrated,all,914,0.8665207877461707,0.8742545519024285,0.3808792952526502,0.20036572421264914,0.033136418921180674,0.483247336083093
kev-9b-validation-v2,kev-9b,expanded search after inspected pilot; exploratory,transfer_test,s1q-local,False,False,raw,all,630,0.8492063492063492,0.8502289687924016,0.5940806377207315,0.24870610129581003,0.09186893518514028,0.1659337874012822
kev-9b-validation-v2,kev-9b,expanded search after inspected pilot; exploratory,transfer_test,s1q-local,False,False,temperature_calibrated,all,630,0.8492063492063492,0.8502289687924016,0.45564101256323625,0.24136819795933043,0.07022145978898273,0.196452129709142
kev-9b-validation-v2,kev-9b,expanded search after inspected pilot; exploratory,test,s1q-a8,True,False,raw,all,914,0.8654266958424508,0.8756115924436197,0.5354798276580749,0.22082827854713796,0.08047404718030743,0.4679706271162078
kev-9b-validation-v2,kev-9b,expanded search after inspected pilot; exploratory,test,s1q-a8,True,False,temperature_calibrated,all,914,0.8654266958424508,0.8756115924436197,0.38250520182131287,0.20270163602725652,0.0169022481436526,0.4832070987558093
kev-9b-validation-v2,kev-9b,expanded search after inspected pilot; exploratory,transfer_test,s1q-a8,True,False,raw,all,630,0.8428571428571429,0.8492198100407056,0.5973922401771303,0.2504712560876582,0.09274778695494473,0.18208651083422583
kev-9b-validation-v2,kev-9b,expanded search after inspected pilot; exploratory,transfer_test,s1q-a8,True,False,temperature_calibrated,all,630,0.8428571428571429,0.8492198100407056,0.4573363940577023,0.24223404758990588,0.0564427119861598,0.211789813707124
kev-9b-validation-v2,kev-9b,expanded search after inspected pilot; exploratory,test,rtn-matched,False,True,raw,all,914,0.8435448577680525,0.85121977049745,0.5327587154360257,0.230387287014704,0.09127851394461149,0.48720450363796475
kev-9b-validation-v2,kev-9b,expanded search after inspected pilot; exploratory,test,rtn-matched,False,True,temperature_calibrated,all,914,0.8435448577680525,0.85121977049745,0.409304841261885,0.2141045959663574,0.030424898963877123,0.49795429702335786
kev-9b-validation-v2,kev-9b,expanded search after inspected pilot; exploratory,transfer_test,rtn-matched,False,True,raw,all,630,0.8444444444444444,0.8424949118046132,0.6336121562235596,0.2556933496310045,0.09300829576117248,0.3353131574304892
kev-9b-validation-v2,kev-9b,expanded search after inspected pilot; exploratory,transfer_test,rtn-matched,False,True,temperature_calibrated,all,630,0.8444444444444444,0.8424949118046132,0.4855219017496564,0.2583255576858281,0.06933294930861465,0.3581985863334291
laya-external-v2,laya,external fixed-profile authored cohort,external_test,native,False,False,raw,all,85,0.6470588235294118,0.5568783068783068,0.9876900638452828,0.5471617551333142,0.21076783221109735,0.37762625202366484
laya-external-v2,laya,external fixed-profile authored cohort,external_test,native,False,False,temperature_calibrated,all,85,0.6470588235294118,0.5568783068783068,0.8783198652582705,0.5100175846833931,0.14122237234930157,0.7362892066961956
laya-external-v2,laya,external fixed-profile authored cohort,external_test,native,False,False,raw,authored_scenario_gold,85,0.6470588235294118,0.5568783068783068,0.9876900638452828,0.5471617551333142,0.21076783221109735,0.37762625202366484
laya-external-v2,laya,external fixed-profile authored cohort,external_test,s1q-local,True,False,raw,all,85,0.6588235294117647,0.593915343915344,0.9753547960892126,0.5178011859094805,0.21433186794373316,0.3788928754052976
laya-external-v2,laya,external fixed-profile authored cohort,external_test,s1q-local,True,False,temperature_calibrated,all,85,0.6588235294117647,0.593915343915344,0.906308700526663,0.5196173183268123,0.17160460813682354,0.7528114259414239
laya-external-v2,laya,external fixed-profile authored cohort,external_test,s1q-local,True,False,raw,authored_scenario_gold,85,0.6588235294117647,0.593915343915344,0.9753547960892126,0.5178011859094805,0.21433186794373316,0.3788928754052976
laya-external-v2,laya,external fixed-profile authored cohort,external_test,rtn-matched,False,True,raw,all,85,0.611764705882353,0.5634920634920636,0.9942502123413908,0.5633321452400977,0.2338808535510487,0.4533422276942199
laya-external-v2,laya,external fixed-profile authored cohort,external_test,rtn-matched,False,True,temperature_calibrated,all,85,0.611764705882353,0.5634920634920636,0.9571167517800914,0.5507621483552353,0.1732132685486948,0.8160680908437085
laya-external-v2,laya,external fixed-profile authored cohort,external_test,rtn-matched,False,True,raw,authored_scenario_gold,85,0.611764705882353,0.5634920634920636,0.9942502123413908,0.5633321452400977,0.2338808535510487,0.4533422276942199
laya-pilot-v1,laya,exploratory pilot,test,native,False,False,raw,all,331,0.6706948640483383,0.6485302197802197,1.6127144767259465,0.5074869951836879,0.18342432870819686,0.9178430303143135
laya-pilot-v1,laya,exploratory pilot,test,native,False,False,temperature_calibrated,all,331,0.6706948640483383,0.6485302197802197,0.8484800901531785,0.46890394768963134,0.11743396402796535,0.8663205007553733
laya-pilot-v1,laya,exploratory pilot,transfer_test,native,False,False,raw,all,256,0.6484375,0.6473337268791814,0.8821851533498553,0.5065493828161356,0.18332673493122148,0.7159106897116169
laya-pilot-v1,laya,exploratory pilot,transfer_test,native,False,False,temperature_calibrated,all,256,0.6484375,0.6473337268791814,0.7272290508887552,0.4544377853938659,0.10015418890335752,0.759985307252127
laya-pilot-v1,laya,exploratory pilot,test,rtn,False,False,raw,all,331,0.6344410876132931,0.6069642857142857,1.6695712867480874,0.5342864558107842,0.2051209681980033,0.9784006169734569
laya-pilot-v1,laya,exploratory pilot,test,rtn,False,False,temperature_calibrated,all,331,0.6344410876132931,0.6069642857142857,0.874582936604773,0.48543126677071124,0.12972825536241037,0.9209613470102546
laya-pilot-v1,laya,exploratory pilot,transfer_test,rtn,False,False,raw,all,256,0.62890625,0.6287386855568674,0.9395024889084185,0.5428321511696972,0.19391486312193248,0.7803429693035925
laya-pilot-v1,laya,exploratory pilot,transfer_test,rtn,False,False,temperature_calibrated,all,256,0.62890625,0.6287386855568674,0.7650878472864997,0.48594549593488273,0.1198849164495918,0.7841540609407261
laya-pilot-v1,laya,exploratory pilot,test,s1q-local,False,False,raw,all,331,0.649546827794562,0.6362912087912089,1.6239021214196627,0.5273227188312679,0.19710044346987726,0.953753371402524
laya-pilot-v1,laya,exploratory pilot,test,s1q-local,False,False,temperature_calibrated,all,331,0.649546827794562,0.6362912087912089,0.8887652869388741,0.4911794758209003,0.13918311958500856,0.8881051168135087
laya-pilot-v1,laya,exploratory pilot,transfer_test,s1q-local,False,False,raw,all,256,0.61328125,0.6184327036599764,1.0134906882321,0.5845145786429065,0.22263279386934606,0.7607325220647636
laya-pilot-v1,laya,exploratory pilot,transfer_test,s1q-local,False,False,temperature_calibrated,all,256,0.61328125,0.6184327036599764,0.7639146805491349,0.4820726650053162,0.056562187305024214,0.7655007891381063
laya-pilot-v1,laya,exploratory pilot,test,s1q-protected,True,False,raw,all,331,0.6525679758308157,0.6302472527472528,1.6337030866608184,0.5359304360639562,0.19911217733278433,0.958846402318372
laya-pilot-v1,laya,exploratory pilot,test,s1q-protected,True,False,temperature_calibrated,all,331,0.6525679758308157,0.6302472527472528,0.8931224510730823,0.49346018368960615,0.13736285491945366,0.8846235171253165
laya-pilot-v1,laya,exploratory pilot,transfer_test,s1q-protected,True,False,raw,all,256,0.609375,0.6089015151515151,1.0252258643480423,0.5860790772631748,0.2271012785737666,0.7643718479931303
laya-pilot-v1,laya,exploratory pilot,transfer_test,s1q-protected,True,False,temperature_calibrated,all,256,0.609375,0.6089015151515151,0.7649932988541489,0.48201634498238677,0.08629521057006155,0.7671831763849551
laya-validation-v1,laya,expanded validation; exploratory,test,native,False,False,raw,all,914,0.6684901531728665,0.6367488689689144,1.442108544598028,0.5005821861601369,0.17719247613837624,1.0591195878896524
laya-validation-v1,laya,expanded validation; exploratory,test,native,False,False,temperature_calibrated,all,914,0.6684901531728665,0.6367488689689144,0.8426534816976654,0.46052473922056014,0.09914573700612363,1.0168728039658863
laya-validation-v1,laya,expanded validation; exploratory,transfer_test,native,False,False,raw,all,630,0.6603174603174603,0.6254070556309362,0.9666023803249342,0.48901716234465314,0.17621559967867279,0.7218155777286414
laya-validation-v1,laya,expanded validation; exploratory,transfer_test,native,False,False,temperature_calibrated,all,630,0.6603174603174603,0.6254070556309362,0.7705989879384775,0.4512493390870252,0.10331405534786375,0.7367867725460213
laya-validation-v1,laya,expanded validation; exploratory,test,rtn,False,True,raw,all,914,0.6367614879649891,0.5998260050111668,1.508472497164783,0.5266075293196182,0.18376360152214097,1.1065179439288264
laya-validation-v1,laya,expanded validation; exploratory,test,rtn,False,True,temperature_calibrated,all,914,0.6367614879649891,0.5998260050111668,0.9113349990785894,0.4983899762395058,0.11347087304378778,1.0335497963378208
laya-validation-v1,laya,expanded validation; exploratory,transfer_test,rtn,False,True,raw,all,630,0.6587301587301587,0.617070895522388,0.9244696724073164,0.479817891266238,0.15167838572664194,0.756773840067416
laya-validation-v1,laya,expanded validation; exploratory,transfer_test,rtn,False,True,temperature_calibrated,all,630,0.6587301587301587,0.617070895522388,0.7970058190467062,0.4712647481408056,0.11469453359797595,0.7524230647690701
laya-validation-v1,laya,expanded validation; exploratory,test,s1q-local,True,False,raw,all,914,0.6455142231947484,0.6149171564869239,1.515412418863281,0.5229330735802686,0.1798446297891591,1.0805492860463315
laya-validation-v1,laya,expanded validation; exploratory,test,s1q-local,True,False,temperature_calibrated,all,914,0.6455142231947484,0.6149171564869239,0.8798121751955432,0.48185242678706447,0.09407684741349559,1.028002123055282
laya-validation-v1,laya,expanded validation; exploratory,transfer_test,s1q-local,True,False,raw,all,630,0.6682539682539682,0.6297913839891452,1.002546668684709,0.5054673969834149,0.17305942935595844,0.733837327069461
laya-validation-v1,laya,expanded validation; exploratory,transfer_test,s1q-local,True,False,temperature_calibrated,all,630,0.6682539682539682,0.6297913839891452,0.782820751205594,0.4614299424300052,0.08185970246487985,0.7382553555891376
laya-validation-v2,laya,expanded search after inspected pilot; exploratory,test,native,False,False,raw,all,914,0.6684901531728665,0.6367488689689144,1.442108544598028,0.500582186160137,0.17719247613837624,1.0591195878896524
laya-validation-v2,laya,expanded search after inspected pilot; exploratory,test,native,False,False,temperature_calibrated,all,914,0.6684901531728665,0.6367488689689144,0.8426534816976654,0.46052473922056014,0.09914573700612363,1.0168728039658863
laya-validation-v2,laya,expanded search after inspected pilot; exploratory,transfer_test,native,False,False,raw,all,630,0.6603174603174603,0.6254070556309362,0.9666023803249342,0.48901716234465314,0.17621559967867279,0.7218155777286414
laya-validation-v2,laya,expanded search after inspected pilot; exploratory,transfer_test,native,False,False,temperature_calibrated,all,630,0.6603174603174603,0.6254070556309362,0.7705989879384775,0.4512493390870252,0.10331405534786375,0.7367867725460214
laya-validation-v2,laya,expanded search after inspected pilot; exploratory,test,rtn,False,True,raw,all,914,0.6367614879649891,0.5998260050111668,1.508472497164783,0.5266075293196182,0.18376360152214097,1.1065179439288264
laya-validation-v2,laya,expanded search after inspected pilot; exploratory,test,rtn,False,True,temperature_calibrated,all,914,0.6367614879649891,0.5998260050111668,0.9113349990785894,0.4983899762395058,0.11347087304378779,1.0335497963378208
laya-validation-v2,laya,expanded search after inspected pilot; exploratory,transfer_test,rtn,False,True,raw,all,630,0.6587301587301587,0.617070895522388,0.9244696724073164,0.479817891266238,0.15167838572664183,0.7567738400674161
laya-validation-v2,laya,expanded search after inspected pilot; exploratory,transfer_test,rtn,False,True,temperature_calibrated,all,630,0.6587301587301587,0.617070895522388,0.7970058190467062,0.4712647481408056,0.11469453359797595,0.7524230647690701
laya-validation-v2,laya,expanded search after inspected pilot; exploratory,test,s1q-local,True,False,raw,all,914,0.6455142231947484,0.6149171564869239,1.515412418863281,0.5229330735802686,0.1798446297891591,1.0805492860463315
laya-validation-v2,laya,expanded search after inspected pilot; exploratory,test,s1q-local,True,False,temperature_calibrated,all,914,0.6455142231947484,0.6149171564869239,0.8798121751955432,0.48185242678706447,0.09407684741349558,1.028002123055282
laya-validation-v2,laya,expanded search after inspected pilot; exploratory,transfer_test,s1q-local,True,False,raw,all,630,0.6682539682539682,0.6297913839891452,1.002546668684709,0.5054673969834149,0.17305942935595844,0.733837327069461
laya-validation-v2,laya,expanded search after inspected pilot; exploratory,transfer_test,s1q-local,True,False,temperature_calibrated,all,630,0.6682539682539682,0.6297913839891452,0.782820751205594,0.4614299424300052,0.08185970246487985,0.7382553555891376
nanojev-external-v2,nanojev,external fixed-profile authored cohort,external_test,native,False,False,raw,all,85,0.4,0.3624338624338625,1.3667325529212637,0.7643309302439533,0.25590904045876967,1.0052204513665248
nanojev-external-v2,nanojev,external fixed-profile authored cohort,external_test,native,False,False,temperature_calibrated,all,85,0.4,0.3624338624338625,1.3559804345041253,0.7673225542857208,0.22394898264136226,1.0052204513665248
nanojev-external-v2,nanojev,external fixed-profile authored cohort,external_test,native,False,False,raw,authored_scenario_gold,85,0.4,0.3624338624338625,1.3667325529212637,0.7643309302439533,0.25590904045876967,1.0052204513665248
nanojev-external-v2,nanojev,external fixed-profile authored cohort,external_test,s1q-local,True,False,raw,all,85,0.38823529411764707,0.35317460317460314,1.390108223790639,0.7740658797552922,0.2703570891645163,1.0090763874856348
nanojev-external-v2,nanojev,external fixed-profile authored cohort,external_test,s1q-local,True,False,temperature_calibrated,all,85,0.38823529411764707,0.35317460317460314,1.3757991706481139,0.7763337283218937,0.22903553359077367,1.0090763874856348
nanojev-external-v2,nanojev,external fixed-profile authored cohort,external_test,s1q-local,True,False,raw,authored_scenario_gold,85,0.38823529411764707,0.35317460317460314,1.390108223790639,0.7740658797552922,0.2703570891645163,1.0090763874856348
nanojev-external-v2,nanojev,external fixed-profile authored cohort,external_test,rtn-matched,False,True,raw,all,85,0.4117647058823529,0.3994708994708994,1.394216331283955,0.7676398308075345,0.23164503322858884,1.0047598839260083
nanojev-external-v2,nanojev,external fixed-profile authored cohort,external_test,rtn-matched,False,True,temperature_calibrated,all,85,0.4117647058823529,0.3994708994708994,1.3728922586369396,0.7714118093543179,0.24665044087209234,1.0047598839260083
nanojev-external-v2,nanojev,external fixed-profile authored cohort,external_test,rtn-matched,False,True,raw,authored_scenario_gold,85,0.4117647058823529,0.3994708994708994,1.394216331283955,0.7676398308075345,0.23164503322858884,1.0047598839260083
nanojev-validation-v1,nanojev,expanded validation; exploratory,test,native,False,False,raw,all,1023,0.7986314760508308,0.7986314760508308,0.5466170712448791,0.27883071343233096,0.07724137372036047,
nanojev-validation-v1,nanojev,expanded validation; exploratory,test,native,False,False,temperature_calibrated,all,1023,0.7986314760508308,0.7986314760508308,0.534121310127527,0.28181629488341337,0.05071618006499867,
nanojev-validation-v1,nanojev,expanded validation; exploratory,test,native,False,False,raw,reference_argmax_compatibility,1023,0.7986314760508308,0.7986314760508308,0.5466170712448791,0.27883071343233096,0.07724137372036047,
nanojev-validation-v1,nanojev,expanded validation; exploratory,test,native,False,False,temperature_calibrated,reference_argmax_compatibility,1023,0.7986314760508308,0.7986314760508308,0.534121310127527,0.28181629488341337,0.05071618006499867,
nanojev-validation-v1,nanojev,expanded validation; exploratory,ood,native,False,False,raw,all,1024,0.7744140625,0.7744140625,0.6691616992532213,0.33313662487275364,0.084798040828605,
nanojev-validation-v1,nanojev,expanded validation; exploratory,ood,native,False,False,temperature_calibrated,all,1024,0.7744140625,0.7744140625,0.652640186178109,0.33752626966066146,0.07955058457349751,
nanojev-validation-v1,nanojev,expanded validation; exploratory,ood,native,False,False,raw,reference_argmax_compatibility,1024,0.7744140625,0.7744140625,0.6691616992532213,0.33313662487275364,0.084798040828605,
nanojev-validation-v1,nanojev,expanded validation; exploratory,ood,native,False,False,temperature_calibrated,reference_argmax_compatibility,1024,0.7744140625,0.7744140625,0.652640186178109,0.33752626966066146,0.07955058457349751,
nanojev-validation-v1,nanojev,expanded validation; exploratory,test,rtn,False,True,raw,all,1023,0.7947214076246334,0.7947214076246334,0.5613323496558563,0.2833354808027222,0.05979324059246102,
nanojev-validation-v1,nanojev,expanded validation; exploratory,test,rtn,False,True,temperature_calibrated,all,1023,0.7947214076246334,0.7947214076246334,0.5372433362141219,0.2844449162578035,0.04286128555714587,
nanojev-validation-v1,nanojev,expanded validation; exploratory,test,rtn,False,True,raw,reference_argmax_compatibility,1023,0.7947214076246334,0.7947214076246334,0.5613323496558563,0.2833354808027222,0.05979324059246102,
nanojev-validation-v1,nanojev,expanded validation; exploratory,test,rtn,False,True,temperature_calibrated,reference_argmax_compatibility,1023,0.7947214076246334,0.7947214076246334,0.5372433362141219,0.2844449162578035,0.04286128555714587,
nanojev-validation-v1,nanojev,expanded validation; exploratory,ood,rtn,False,True,raw,all,1024,0.76953125,0.76953125,0.6772426505510993,0.3317513116327237,0.08408963799416225,
nanojev-validation-v1,nanojev,expanded validation; exploratory,ood,rtn,False,True,temperature_calibrated,all,1024,0.76953125,0.76953125,0.643834670078101,0.33504936926467216,0.08721427690913455,
nanojev-validation-v1,nanojev,expanded validation; exploratory,ood,rtn,False,True,raw,reference_argmax_compatibility,1024,0.76953125,0.76953125,0.6772426505510993,0.3317513116327237,0.08408963799416225,
nanojev-validation-v1,nanojev,expanded validation; exploratory,ood,rtn,False,True,temperature_calibrated,reference_argmax_compatibility,1024,0.76953125,0.76953125,0.643834670078101,0.33504936926467216,0.08721427690913455,
nanojev-validation-v1,nanojev,expanded validation; exploratory,test,s1q-local,True,False,raw,all,1023,0.804496578690127,0.804496578690127,0.5427062008822923,0.2775564514214367,0.057048183939978736,
nanojev-validation-v1,nanojev,expanded validation; exploratory,test,s1q-local,True,False,temperature_calibrated,all,1023,0.804496578690127,0.804496578690127,0.5319936797918783,0.28101046610871744,0.06009330935243035,
nanojev-validation-v1,nanojev,expanded validation; exploratory,test,s1q-local,True,False,raw,reference_argmax_compatibility,1023,0.804496578690127,0.804496578690127,0.5427062008822923,0.2775564514214367,0.057048183939978736,
nanojev-validation-v1,nanojev,expanded validation; exploratory,test,s1q-local,True,False,temperature_calibrated,reference_argmax_compatibility,1023,0.804496578690127,0.804496578690127,0.5319936797918783,0.28101046610871744,0.06009330935243035,
nanojev-validation-v1,nanojev,expanded validation; exploratory,ood,s1q-local,True,False,raw,all,1024,0.7783203125,0.7783203125,0.6623582732453144,0.3292348943262922,0.08406271595699849,
nanojev-validation-v1,nanojev,expanded validation; exploratory,ood,s1q-local,True,False,temperature_calibrated,all,1024,0.7783203125,0.7783203125,0.6471747486785722,0.3339424693550941,0.0773358594658715,
nanojev-validation-v1,nanojev,expanded validation; exploratory,ood,s1q-local,True,False,raw,reference_argmax_compatibility,1024,0.7783203125,0.7783203125,0.6623582732453144,0.3292348943262922,0.08406271595699849,
nanojev-validation-v1,nanojev,expanded validation; exploratory,ood,s1q-local,True,False,temperature_calibrated,reference_argmax_compatibility,1024,0.7783203125,0.7783203125,0.6471747486785722,0.3339424693550941,0.0773358594658715,
nanojev-validation-v2,nanojev,expanded search after inspected pilot; exploratory,test,native,False,False,raw,all,1023,0.7986314760508308,0.7986314760508308,0.5466170712448791,0.27883071343233096,0.07724137372036047,
nanojev-validation-v2,nanojev,expanded search after inspected pilot; exploratory,test,native,False,False,temperature_calibrated,all,1023,0.7986314760508308,0.7986314760508308,0.534121310127527,0.28181629488341337,0.05071618006499867,
nanojev-validation-v2,nanojev,expanded search after inspected pilot; exploratory,test,native,False,False,raw,reference_argmax_compatibility,1023,0.7986314760508308,0.7986314760508308,0.5466170712448791,0.27883071343233096,0.07724137372036047,
nanojev-validation-v2,nanojev,expanded search after inspected pilot; exploratory,test,native,False,False,temperature_calibrated,reference_argmax_compatibility,1023,0.7986314760508308,0.7986314760508308,0.534121310127527,0.28181629488341337,0.05071618006499867,
nanojev-validation-v2,nanojev,expanded search after inspected pilot; exploratory,ood,native,False,False,raw,all,1024,0.7744140625,0.7744140625,0.6691616992532213,0.33313662487275364,0.084798040828605,
nanojev-validation-v2,nanojev,expanded search after inspected pilot; exploratory,ood,native,False,False,temperature_calibrated,all,1024,0.7744140625,0.7744140625,0.652640186178109,0.33752626966066146,0.07955058457349751,
nanojev-validation-v2,nanojev,expanded search after inspected pilot; exploratory,ood,native,False,False,raw,reference_argmax_compatibility,1024,0.7744140625,0.7744140625,0.6691616992532213,0.33313662487275364,0.084798040828605,
nanojev-validation-v2,nanojev,expanded search after inspected pilot; exploratory,ood,native,False,False,temperature_calibrated,reference_argmax_compatibility,1024,0.7744140625,0.7744140625,0.652640186178109,0.33752626966066146,0.07955058457349751,
nanojev-validation-v2,nanojev,expanded search after inspected pilot; exploratory,test,rtn,False,True,raw,all,1023,0.7947214076246334,0.7947214076246334,0.5613323496558563,0.2833354808027222,0.05979324059246102,
nanojev-validation-v2,nanojev,expanded search after inspected pilot; exploratory,test,rtn,False,True,temperature_calibrated,all,1023,0.7947214076246334,0.7947214076246334,0.5372433362141219,0.2844449162578035,0.04286128555714587,
nanojev-validation-v2,nanojev,expanded search after inspected pilot; exploratory,test,rtn,False,True,raw,reference_argmax_compatibility,1023,0.7947214076246334,0.7947214076246334,0.5613323496558563,0.2833354808027222,0.05979324059246102,
nanojev-validation-v2,nanojev,expanded search after inspected pilot; exploratory,test,rtn,False,True,temperature_calibrated,reference_argmax_compatibility,1023,0.7947214076246334,0.7947214076246334,0.5372433362141219,0.2844449162578035,0.04286128555714587,
nanojev-validation-v2,nanojev,expanded search after inspected pilot; exploratory,ood,rtn,False,True,raw,all,1024,0.76953125,0.76953125,0.6772426505510993,0.3317513116327237,0.08408963799416225,
nanojev-validation-v2,nanojev,expanded search after inspected pilot; exploratory,ood,rtn,False,True,temperature_calibrated,all,1024,0.76953125,0.76953125,0.643834670078101,0.33504936926467216,0.08721427690913455,
nanojev-validation-v2,nanojev,expanded search after inspected pilot; exploratory,ood,rtn,False,True,raw,reference_argmax_compatibility,1024,0.76953125,0.76953125,0.6772426505510993,0.3317513116327237,0.08408963799416225,
nanojev-validation-v2,nanojev,expanded search after inspected pilot; exploratory,ood,rtn,False,True,temperature_calibrated,reference_argmax_compatibility,1024,0.76953125,0.76953125,0.643834670078101,0.33504936926467216,0.08721427690913455,
nanojev-validation-v2,nanojev,expanded search after inspected pilot; exploratory,test,s1q-local,True,False,raw,all,1023,0.804496578690127,0.804496578690127,0.5427062008822923,0.2775564514214367,0.057048183939978736,
nanojev-validation-v2,nanojev,expanded search after inspected pilot; exploratory,test,s1q-local,True,False,temperature_calibrated,all,1023,0.804496578690127,0.804496578690127,0.5319936797918783,0.28101046610871744,0.06009330935243035,
nanojev-validation-v2,nanojev,expanded search after inspected pilot; exploratory,test,s1q-local,True,False,raw,reference_argmax_compatibility,1023,0.804496578690127,0.804496578690127,0.5427062008822923,0.2775564514214367,0.057048183939978736,
nanojev-validation-v2,nanojev,expanded search after inspected pilot; exploratory,test,s1q-local,True,False,temperature_calibrated,reference_argmax_compatibility,1023,0.804496578690127,0.804496578690127,0.5319936797918783,0.28101046610871744,0.06009330935243035,
nanojev-validation-v2,nanojev,expanded search after inspected pilot; exploratory,ood,s1q-local,True,False,raw,all,1024,0.7783203125,0.7783203125,0.6623582732453144,0.3292348943262922,0.08406271595699849,
nanojev-validation-v2,nanojev,expanded search after inspected pilot; exploratory,ood,s1q-local,True,False,temperature_calibrated,all,1024,0.7783203125,0.7783203125,0.6471747486785722,0.3339424693550941,0.0773358594658715,
nanojev-validation-v2,nanojev,expanded search after inspected pilot; exploratory,ood,s1q-local,True,False,raw,reference_argmax_compatibility,1024,0.7783203125,0.7783203125,0.6623582732453144,0.3292348943262922,0.08406271595699849,
nanojev-validation-v2,nanojev,expanded search after inspected pilot; exploratory,ood,s1q-local,True,False,temperature_calibrated,reference_argmax_compatibility,1024,0.7783203125,0.7783203125,0.6471747486785722,0.3339424693550941,0.0773358594658715,
